variant,sample,target,retrieved_endpoint,endpoint_retrieval_correct,argmax_atom_types,composition,composition_fractions,lattice_volume,lattice_shape,permutation_invariant_coordinate_spectrum,neighbor_degree_sequence,neighbor_edge_count,distance_to_endpoint_0,distance_to_endpoint_1,checkpoint_step
fm_only,0,0,1,False,"[59, 26, 63, 91]","[26, 59, 63, 91]","[0.25, 0.25, 0.25, 0.25]",22.07073402404785,"[0.12519606947898865, -0.16360242664813995, -0.07817383110523224, -0.16360242664813995, 0.3161458671092987, 0.23735465109348297, -0.07817383110523224, 0.23735465109348297, 0.5586580038070679]","[0.24646876752376556, 0.5015101432800293, 0.5055837631225586, 0.5470207929611206, 0.6153420805931091, 0.7073848247528076]","[0.0, 0.0, 1.0, 1.0]",1,7.666096609778276,6.339925364501887,200
fm_only,1,0,1,False,"[7, 32, 65, 44]","[7, 32, 44, 65]","[0.25, 0.25, 0.25, 0.25]",17.82775115966797,"[0.5548027753829956, -0.3873249292373657, 0.09128491580486298, -0.3873249292373657, 0.3339625298976898, -0.009401867166161537, 0.09128491580486298, -0.009401867166161537, 0.1112346425652504]","[0.3686715364456177, 0.40265020728111267, 0.423113077878952, 0.4987852871417999, 0.5265388488769531, 0.5305113196372986]","[1.0, 1.0, 1.0, 1.0]",2,8.406532672889139,7.720439318235955,200
fm_only,2,0,0,True,"[39, 118, 73, 35]","[35, 39, 73, 118]","[0.25, 0.25, 0.25, 0.25]",24.192644119262695,"[0.23841865360736847, 0.13394905626773834, -0.1672230362892151, 0.13394905626773834, 0.3816268742084503, 0.0021909112110733986, -0.1672230362892151, 0.0021909112110733986, 0.3799545466899872]","[0.3395773470401764, 0.3611924946308136, 0.36546066403388977, 0.4415366053581238, 0.5003158450126648, 0.6151739954948425]","[1.0, 1.0, 2.0, 2.0]",3,7.040691945528291,7.103276697765439,200
fm_only,3,0,0,True,"[23, 17, 37, 46]","[17, 23, 37, 46]","[0.25, 0.25, 0.25, 0.25]",8.782145500183105,"[0.16664408147335052, -0.24589939415454865, 0.10166673362255096, -0.24589939415454865, 0.507355272769928, -0.28389477729797363, 0.10166673362255096, -0.28389477729797363, 0.3260006606578827]","[0.26858648657798767, 0.3578883707523346, 0.3712068498134613, 0.43935567140579224, 0.5373088121414185, 0.6564431190490723]","[1.0, 2.0, 2.0, 3.0]",4,9.01389876775888,10.054479870684354,200
fm_only,4,0,1,False,"[35, 10, 55, 76]","[10, 35, 55, 76]","[0.25, 0.25, 0.25, 0.25]",39.083621978759766,"[0.42818647623062134, -0.32428380846977234, 0.3340228497982025, -0.32428380846977234, 0.27434125542640686, -0.26889023184776306, 0.3340228497982025, -0.26889023184776306, 0.297472208738327]","[0.3812903165817261, 0.5179325342178345, 0.5202943086624146, 0.5312666893005371, 0.5367521047592163, 0.5702158808708191]","[1.0, 1.0, 1.0, 1.0]",2,7.76985056806844,6.801379655668926,200
fm_only,5,0,1,False,"[77, 27, 24, 95]","[24, 27, 77, 95]","[0.25, 0.25, 0.25, 0.25]",30.115936279296875,"[0.15141701698303223, -0.15772001445293427, 0.23665541410446167, -0.15772001445293427, 0.27093905210494995, -0.19052056968212128, 0.23665541410446167, -0.19052056968212128, 0.5776439309120178]","[0.2716200053691864, 0.3834719657897949, 0.42370814085006714, 0.47265198826789856, 0.5067305564880371, 0.622655987739563]","[1.0, 1.0, 2.0, 2.0]",3,6.4444113693702345,6.316696381541908,200
fm_only,6,0,0,True,"[114, 47, 43, 42]","[42, 43, 47, 114]","[0.25, 0.25, 0.25, 0.25]",63.728240966796875,"[0.10078591108322144, 0.00967501476407051, 0.23979304730892181, 0.00967501476407051, 0.09190405160188675, 0.038260962814092636, 0.23979304730892181, 0.038260962814092636, 0.8073101043701172]","[0.26042440533638, 0.291807621717453, 0.5111371874809265, 0.5642985105514526, 0.6161708235740662, 0.7143505215644836]","[0.0, 0.0, 1.0, 1.0]",1,6.105327050935525,6.1640002344266955,200
fm_only,7,0,0,True,"[52, 1, 75, 91]","[1, 52, 75, 91]","[0.25, 0.25, 0.25, 0.25]",62.064998626708984,"[0.38232073187828064, 0.1179024800658226, 0.07029169797897339, 0.1179024800658226, 0.2720498740673065, -0.06356428563594818, 0.07029169797897339, -0.06356428563594818, 0.34562942385673523]","[0.21397125720977783, 0.33496391773223877, 0.34967711567878723, 0.5027682185173035, 0.5167873501777649, 0.6499077677726746]","[0.0, 0.0, 1.0, 1.0]",1,6.420589109194739,7.460753510551721,200
fm_only,8,1,0,False,"[86, 94, 71, 46]","[46, 71, 86, 94]","[0.25, 0.25, 0.25, 0.25]",73.55659484863281,"[0.29253485798835754, -0.022918062284588814, 0.1271315962076187, -0.022918062284588814, 0.04907551407814026, 0.09498554468154907, 0.1271315962076187, 0.09498554468154907, 0.658389687538147]","[0.310118705034256, 0.47337403893470764, 0.5178309679031372, 0.532891035079956, 0.638889729976654, 0.6536335349082947]","[0.0, 0.0, 1.0, 1.0]",1,5.582270452518707,5.9251399914117,200
fm_only,9,1,0,False,"[26, 30, 87, 5]","[5, 26, 30, 87]","[0.25, 0.25, 0.25, 0.25]",103.66411590576172,"[0.33542582392692566, -0.233405202627182, -0.021943993866443634, -0.233405202627182, 0.2007039189338684, -0.04122660309076309, -0.021943993866443634, -0.04122660309076309, 0.4638702869415283]","[0.3855910301208496, 0.38943207263946533, 0.4137251675128937, 0.4784582257270813, 0.5451318025588989, 0.6918696761131287]","[0.0, 0.0, 1.0, 1.0]",1,5.946215811200543,6.8382506379513215,200
fm_only,10,1,1,True,"[49, 82, 99, 55]","[49, 55, 82, 99]","[0.25, 0.25, 0.25, 0.25]",20.023340225219727,"[0.09305927157402039, -0.02260231412947178, -0.02633780799806118, -0.02260231412947178, 0.06875351816415787, 0.15379896759986877, -0.02633780799806118, 0.15379896759986877, 0.8381872177124023]","[0.36714687943458557, 0.5078332424163818, 0.548075258731842, 0.5971344709396362, 0.681891918182373, 0.8050190806388855]","[1.0, 1.0, 1.0, 1.0]",2,6.995508137798343,4.71799813002581,200
fm_only,11,1,1,True,"[34, 21, 113, 38]","[21, 34, 38, 113]","[0.25, 0.25, 0.25, 0.25]",41.65652084350586,"[0.0685155913233757, -0.0221248809248209, 0.16065818071365356, -0.0221248809248209, 0.025252744555473328, -0.14192922413349152, 0.16065818071365356, -0.14192922413349152, 0.9062316417694092]","[0.5134641528129578, 0.5404912829399109, 0.5688660144805908, 0.6162132620811462, 0.6211374402046204, 0.7310715913772583]","[1.0, 1.0, 1.0, 1.0]",2,6.89226787876903,4.216528465598559,200
fm_only,12,1,1,True,"[53, 78, 11, 72]","[11, 53, 72, 78]","[0.25, 0.25, 0.25, 0.25]",27.49516487121582,"[0.49590280652046204, -0.27231064438819885, -0.20237644016742706, -0.27231064438819885, 0.2571021020412445, 0.06250271946191788, -0.20237644016742706, 0.06250271946191788, 0.24699509143829346]","[0.37577536702156067, 0.45139017701148987, 0.49950841069221497, 0.5329035520553589, 0.5595004558563232, 0.5976011753082275]","[0.0, 0.0, 1.0, 1.0]",1,7.87972604477097,6.975604668741379,200
fm_only,13,1,0,False,"[95, 107, 61, 61]","[61, 95, 107]","[0.5, 0.25, 0.25]",207.0944061279297,"[0.05196293443441391, -0.018858270719647408, -0.04448271170258522, -0.018858270719647408, 0.14732898771762848, 0.2170058637857437, -0.04448271170258522, 0.2170058637857437, 0.8007081151008606]","[0.2794724702835083, 0.37448468804359436, 0.48423224687576294, 0.5087059736251831, 0.5919711589813232, 0.6683307886123657]","[0.0, 0.0, 1.0, 1.0]",1,7.823371619277189,8.012129585628843,200
fm_only,14,1,0,False,"[62, 6, 55, 24]","[6, 24, 55, 62]","[0.25, 0.25, 0.25, 0.25]",6.844388008117676,"[0.3881322741508484, 0.15239217877388, -0.33938902616500854, 0.15239217877388, 0.16432176530361176, -0.2075406163930893, -0.33938902616500854, -0.2075406163930893, 0.44754594564437866]","[0.4472596049308777, 0.47675085067749023, 0.4785446226596832, 0.48479604721069336, 0.6800503730773926, 0.6802392601966858]","[3.0, 3.0, 3.0, 3.0]",6,10.059849699243806,10.641088545188978,200
fm_only,15,1,1,True,"[110, 64, 55, 83]","[55, 64, 83, 110]","[0.25, 0.25, 0.25, 0.25]",10.41537094116211,"[0.0755014717578888, -0.017402304336428642, -0.2215936779975891, -0.017402304336428642, 0.008577757515013218, 0.053150080144405365, -0.2215936779975891, 0.053150080144405365, 0.9159207940101624]","[0.24704605340957642, 0.45577189326286316, 0.49674248695373535, 0.5519431233406067, 0.5855035185813904, 0.7044603824615479]","[0.0, 1.0, 1.0, 2.0]",2,9.05531333329925,7.069747307865794,200
fm_only,0,0,1,False,"[59, 26, 63, 59]","[26, 59, 63]","[0.25, 0.5, 0.25]",14.285079956054688,"[0.12328460812568665, -0.17152351140975952, -0.11533370614051819, -0.17152351140975952, 0.34055984020233154, 0.303938090801239, -0.11533370614051819, 0.303938090801239, 0.5361555814743042]","[0.26101207733154297, 0.49794498085975647, 0.502839207649231, 0.5527952313423157, 0.5843234658241272, 0.724238932132721]","[0.0, 0.0, 1.0, 1.0]",1,8.85510987402131,7.471991843239245,400
fm_only,1,0,1,False,"[7, 12, 65, 14]","[7, 12, 14, 65]","[0.25, 0.25, 0.25, 0.25]",10.815383911132812,"[0.5294132232666016, -0.39660292863845825, 0.0330950990319252, -0.39660292863845825, 0.36844873428344727, 0.039158523082733154, 0.0330950990319252, 0.039158523082733154, 0.102137990295887]","[0.29097267985343933, 0.31506913900375366, 0.36313334107398987, 0.4765442907810211, 0.4853842854499817, 0.5259592533111572]","[0.0, 0.0, 1.0, 1.0]",1,10.067109914219511,9.537314762067336,400
fm_only,2,0,1,False,"[39, 118, 73, 35]","[35, 39, 73, 118]","[0.25, 0.25, 0.25, 0.25]",15.79735279083252,"[0.23446378111839294, 0.10341309010982513, -0.15676450729370117, 0.10341309010982513, 0.41378238797187805, 0.09054708480834961, -0.15676450729370117, 0.09054708480834961, 0.35175377130508423]","[0.32233306765556335, 0.34230804443359375, 0.3481578528881073, 0.45384547114372253, 0.4565298855304718, 0.6350967288017273]","[0.0, 1.0, 1.0, 2.0]",2,8.470259865061767,7.887286886729292,400
fm_only,3,0,0,True,"[23, 106, 50, 46]","[23, 46, 50, 106]","[0.25, 0.25, 0.25, 0.25]",5.890353679656982,"[0.19223149120807648, -0.27667489647865295, 0.07300131022930145, -0.27667489647865295, 0.5322368741035461, -0.2139822542667389, 0.07300131022930145, -0.2139822542667389, 0.2755315899848938]","[0.2837918698787689, 0.33459991216659546, 0.3986527621746063, 0.441891610622406, 0.5065299868583679, 0.6729601621627808]","[1.0, 2.0, 2.0, 3.0]",4,9.656578962163282,10.795215155173006,400
fm_only,4,0,1,False,"[35, 10, 55, 76]","[10, 35, 55, 76]","[0.25, 0.25, 0.25, 0.25]",27.184612274169922,"[0.45957502722740173, -0.33766037225723267, 0.31886565685272217, -0.33766037225723267, 0.27848756313323975, -0.2460048794746399, 0.31886565685272217, -0.2460048794746399, 0.2619374692440033]","[0.33135926723480225, 0.4690481424331665, 0.48032209277153015, 0.5339788198471069, 0.5408021807670593, 0.595819890499115]","[1.0, 1.0, 1.0, 1.0]",2,8.254534292989206,7.202579389405088,400
fm_only,5,0,1,False,"[113, 27, 24, 95]","[24, 27, 95, 113]","[0.25, 0.25, 0.25, 0.25]",16.179725646972656,"[0.15645049512386322, -0.16118791699409485, 0.20472396910190582, -0.16118791699409485, 0.3128371834754944, -0.11472131311893463, 0.20472396910190582, -0.11472131311893463, 0.5307123064994812]","[0.23143963515758514, 0.42445293068885803, 0.4345989525318146, 0.4916651248931885, 0.5183597803115845, 0.6232032179832458]","[0.0, 1.0, 1.0, 2.0]",2,7.761543148528973,7.075634395257064,400
fm_only,6,0,1,False,"[37, 47, 43, 42]","[37, 42, 43, 47]","[0.25, 0.25, 0.25, 0.25]",30.834569931030273,"[0.09629131108522415, 0.022649873048067093, 0.2269531935453415, 0.022649873048067093, 0.10467009991407394, 0.10872723907232285, 0.2269531935453415, 0.10872723907232285, 0.7990385890007019]","[0.2718573808670044, 0.273788720369339, 0.5178803205490112, 0.5313041806221008, 0.5745278000831604, 0.6659232378005981]","[0.0, 0.0, 1.0, 1.0]",1,7.447787345517382,5.610034662902402,400
fm_only,7,0,1,False,"[52, 78, 41, 85]","[41, 52, 78, 85]","[0.25, 0.25, 0.25, 0.25]",42.69920349121094,"[0.3673155903816223, 0.10803982615470886, 0.05056367442011833, 0.10803982615470886, 0.2845997214317322, -0.0077097462490201, 0.05056367442011833, -0.0077097462490201, 0.34808462858200073]","[0.21194706857204437, 0.33647385239601135, 0.3400934636592865, 0.49480098485946655, 0.4978623688220978, 0.6495797038078308]","[1.0, 1.0, 1.0, 1.0]",2,6.525406297905138,6.2985285291039945,400
fm_only,8,1,0,False,"[86, 34, 52, 45]","[34, 45, 52, 86]","[0.25, 0.25, 0.25, 0.25]",54.6827507019043,"[0.3317374885082245, -0.04099392890930176, 0.07855095714330673, -0.04099392890930176, 0.0702371820807457, 0.13264873623847961, 0.07855095714330673, 0.13264873623847961, 0.598025381565094]","[0.3099266588687897, 0.37783411145210266, 0.5045663714408875, 0.5555605888366699, 0.6409735679626465, 0.6692824363708496]","[0.0, 0.0, 1.0, 1.0]",1,5.385398731748568,5.56889591325887,400
fm_only,9,1,0,False,"[84, 30, 103, 5]","[5, 30, 84, 103]","[0.25, 0.25, 0.25, 0.25]",85.7886734008789,"[0.3645026981830597, -0.2623075246810913, -0.07058128714561462, -0.2623075246810913, 0.22040174901485443, 0.025412486866116524, -0.07058128714561462, 0.025412486866116524, 0.41509556770324707]","[0.3449068069458008, 0.37693020701408386, 0.386229932308197, 0.4468768537044525, 0.5453782081604004, 0.6283434629440308]","[0.0, 0.0, 1.0, 1.0]",1,6.032985566913896,7.02964346790772,400
fm_only,10,1,1,True,"[8, 82, 116, 55]","[8, 55, 82, 116]","[0.25, 0.25, 0.25, 0.25]",11.642484664916992,"[0.11656158417463303, -0.03529262915253639, -0.04135218262672424, -0.03529262915253639, 0.10580847412347794, 0.21477168798446655, -0.04135218262672424, 0.21477168798446655, 0.7776299715042114]","[0.41457030177116394, 0.49413859844207764, 0.5528568029403687, 0.6096224784851074, 0.6394649147987366, 0.8132771849632263]","[0.0, 0.0, 1.0, 1.0]",1,8.981342437740008,6.359773742629743,400
fm_only,11,1,1,True,"[34, 21, 113, 38]","[21, 34, 38, 113]","[0.25, 0.25, 0.25, 0.25]",43.876224517822266,"[0.0717097595334053, -0.01692303456366062, 0.14988172054290771, -0.01692303456366062, 0.018008261919021606, -0.11490748077630997, 0.14988172054290771, -0.11490748077630997, 0.9102819561958313]","[0.5214236974716187, 0.522865355014801, 0.5293772220611572, 0.5426941514015198, 0.5822255611419678, 0.6464515328407288]","[1.0, 1.0, 1.0, 1.0]",2,6.627314801716295,4.40828541363966,400
fm_only,12,1,1,True,"[105, 78, 11, 108]","[11, 78, 105, 108]","[0.25, 0.25, 0.25, 0.25]",28.675029754638672,"[0.5030733346939087, -0.30294230580329895, -0.21909746527671814, -0.30294230580329895, 0.26951417326927185, 0.10730401426553726, -0.21909746527671814, 0.10730401426553726, 0.22741243243217468]","[0.31861788034439087, 0.4417525827884674, 0.4749844968318939, 0.48856455087661743, 0.5254749059677124, 0.5304427146911621]","[0.0, 0.0, 1.0, 1.0]",1,8.289893044419342,7.5197145071824645,400
fm_only,13,1,0,False,"[95, 69, 61, 61]","[61, 69, 95]","[0.5, 0.25, 0.25]",232.21347045898438,"[0.055020593106746674, -0.03702891618013382, -0.06904678046703339, -0.03702891618013382, 0.1787901520729065, 0.27433159947395325, -0.06904678046703339, 0.27433159947395325, 0.7661892175674438]","[0.2675541043281555, 0.3679681122303009, 0.4743940830230713, 0.5118100643157959, 0.5686032772064209, 0.6800241470336914]","[0.0, 0.0, 1.0, 1.0]",1,8.274818171847803,8.598554707853733,400
fm_only,14,1,1,True,"[64, 6, 55, 110]","[6, 55, 64, 110]","[0.25, 0.25, 0.25, 0.25]",6.253173828125,"[0.4331883192062378, 0.12177541851997375, -0.3515625, 0.12177541851997375, 0.14501744508743286, -0.1580018699169159, -0.3515625, -0.1580018699169159, 0.42179426550865173]","[0.35923251509666443, 0.4445560574531555, 0.49549293518066406, 0.4971770942211151, 0.5153200030326843, 0.6969981789588928]","[1.0, 1.0, 2.0, 2.0]",3,9.92419434342577,9.612187815687237,400
fm_only,15,1,1,True,"[110, 64, 55, 83]","[55, 64, 83, 110]","[0.25, 0.25, 0.25, 0.25]",8.387548446655273,"[0.08994708210229874, -0.030933918431401253, -0.24492143094539642, -0.030933918431401253, 0.01594756729900837, 0.09370061755180359, -0.24492143094539642, 0.09370061755180359, 0.8941053152084351]","[0.21185939013957977, 0.4717004597187042, 0.4885922074317932, 0.5002874732017517, 0.5403379201889038, 0.6387527585029602]","[0.0, 1.0, 1.0, 2.0]",2,9.666171854730392,7.866529994021595,400
early_all_negative_identification,0,0,1,False,"[59, 26, 63, 91]","[26, 59, 63, 91]","[0.25, 0.25, 0.25, 0.25]",23.420806884765625,"[0.13142129778862, -0.16732148826122284, -0.07587819546461105, -0.16732148826122284, 0.3191429078578949, 0.23240579664707184, -0.07587819546461105, 0.23240579664707184, 0.5494358539581299]","[0.24665279686450958, 0.4912777245044708, 0.5170212388038635, 0.546273410320282, 0.6068258285522461, 0.7228289246559143]","[0.0, 0.0, 1.0, 1.0]",1,7.541444391484771,6.2591473250609555,200
early_all_negative_identification,1,0,1,False,"[7, 32, 65, 44]","[7, 32, 44, 65]","[0.25, 0.25, 0.25, 0.25]",19.73778533935547,"[0.5672287344932556, -0.38927939534187317, 0.09566496312618256, -0.38927939534187317, 0.3280159533023834, -0.015643475577235222, 0.09566496312618256, -0.015643475577235222, 0.10475533455610275]","[0.3754344880580902, 0.39469635486602783, 0.412686824798584, 0.5016022324562073, 0.5394002199172974, 0.5395416021347046]","[1.0, 1.0, 1.0, 1.0]",2,8.2253096657517,7.5470329460270555,200
early_all_negative_identification,2,0,0,True,"[39, 118, 73, 35]","[35, 39, 73, 118]","[0.25, 0.25, 0.25, 0.25]",25.767892837524414,"[0.25376689434051514, 0.1448909342288971, -0.1660410463809967, 0.1448909342288971, 0.38950315117836, -0.007683976553380489, -0.1660410463809967, -0.007683976553380489, 0.3567299544811249]","[0.3256131708621979, 0.36827224493026733, 0.3910232484340668, 0.4421904981136322, 0.5112259387969971, 0.6109429597854614]","[1.0, 1.0, 2.0, 2.0]",3,6.949652424928805,7.060302414776152,200
early_all_negative_identification,3,0,0,True,"[23, 17, 37, 46]","[17, 23, 37, 46]","[0.25, 0.25, 0.25, 0.25]",10.028732299804688,"[0.1724504679441452, -0.2508373558521271, 0.10443849116563797, -0.2508373558521271, 0.5137194395065308, -0.2863856554031372, 0.10443849116563797, -0.2863856554031372, 0.31383010745048523]","[0.2838263213634491, 0.29540935158729553, 0.344249963760376, 0.43666329979896545, 0.5580429434776306, 0.6739646196365356]","[1.0, 1.0, 2.0, 2.0]",3,9.036910603208476,9.459434346781627,200
early_all_negative_identification,4,0,1,False,"[35, 10, 55, 76]","[10, 35, 55, 76]","[0.25, 0.25, 0.25, 0.25]",44.34443664550781,"[0.43347057700157166, -0.3255378007888794, 0.33412912487983704, -0.3255378007888794, 0.2730620801448822, -0.26731541752815247, 0.33412912487983704, -0.26731541752815247, 0.29346734285354614]","[0.3865017294883728, 0.4894338846206665, 0.4991159439086914, 0.5061072111129761, 0.5506170988082886, 0.5708653330802917]","[1.0, 1.0, 1.0, 1.0]",2,7.4348891515812054,7.042429196082759,200
early_all_negative_identification,5,0,1,False,"[77, 27, 24, 95]","[24, 27, 77, 95]","[0.25, 0.25, 0.25, 0.25]",30.51500701904297,"[0.15834292769432068, -0.1637207269668579, 0.23976080119609833, -0.1637207269668579, 0.2779783606529236, -0.19699645042419434, 0.23976080119609833, -0.19699645042419434, 0.5636786818504333]","[0.2669215798377991, 0.35199174284935, 0.43458688259124756, 0.48135533928871155, 0.49104079604148865, 0.6334793567657471]","[1.0, 1.0, 2.0, 2.0]",3,6.5038101524322265,6.406094296906856,200
early_all_negative_identification,6,0,0,True,"[114, 47, 43, 42]","[42, 43, 47, 114]","[0.25, 0.25, 0.25, 0.25]",65.53014373779297,"[0.10750965029001236, 0.008743911050260067, 0.24530722200870514, 0.008743911050260067, 0.09439179301261902, 0.03289913013577461, 0.24530722200870514, 0.03289913013577461, 0.7980985641479492]","[0.26296982169151306, 0.26697400212287903, 0.5060592889785767, 0.5479829907417297, 0.6135644912719727, 0.685254693031311]","[0.0, 0.0, 1.0, 1.0]",1,6.1516389964017035,6.310554341354454,200
early_all_negative_identification,7,0,0,True,"[26, 1, 75, 91]","[1, 26, 75, 91]","[0.25, 0.25, 0.25, 0.25]",67.6613998413086,"[0.40046626329421997, 0.12084339559078217, 0.07198464870452881, 0.12084339559078217, 0.2707515358924866, -0.06794705986976624, 0.07198464870452881, -0.06794705986976624, 0.32878220081329346]","[0.21893911063671112, 0.3359169661998749, 0.34257954359054565, 0.5029740929603577, 0.510083019733429, 0.6467341780662537]","[1.0, 1.0, 1.0, 1.0]",2,6.066619602030915,7.207130137493827,200
early_all_negative_identification,8,1,0,False,"[66, 94, 71, 46]","[46, 66, 71, 94]","[0.25, 0.25, 0.25, 0.25]",73.70942687988281,"[0.29652974009513855, -0.022699708119034767, 0.12844055891036987, -0.022699708119034767, 0.048983462154865265, 0.09362564235925674, 0.12844055891036987, 0.09362564235925674, 0.6544867753982544]","[0.3100883364677429, 0.4725666344165802, 0.5190457105636597, 0.5337654948234558, 0.6439802646636963, 0.6596567630767822]","[0.0, 0.0, 1.0, 1.0]",1,5.574773501401731,5.934388005134456,200
early_all_negative_identification,9,1,0,False,"[26, 30, 87, 5]","[5, 26, 30, 87]","[0.25, 0.25, 0.25, 0.25]",104.75189208984375,"[0.340431809425354, -0.2361222207546234, -0.02125696837902069, -0.2361222207546234, 0.2023371011018753, -0.041598450392484665, -0.02125696837902069, -0.041598450392484665, 0.4572310745716095]","[0.3767302632331848, 0.381318598985672, 0.40518924593925476, 0.47381728887557983, 0.5517775416374207, 0.6941823959350586]","[0.0, 0.0, 1.0, 1.0]",1,5.987057866817641,6.923996774800519,200
early_all_negative_identification,10,1,1,True,"[49, 82, 99, 55]","[49, 55, 82, 99]","[0.25, 0.25, 0.25, 0.25]",19.77098846435547,"[0.09811065346002579, -0.023427430540323257, -0.02691984735429287, -0.023427430540323257, 0.07092324644327164, 0.1542016863822937, -0.02691984735429287, 0.1542016863822937, 0.830966055393219]","[0.371116578578949, 0.5064612030982971, 0.5502340793609619, 0.6015520095825195, 0.6915620565414429, 0.8082094788551331]","[1.0, 1.0, 1.0, 1.0]",2,7.006403632737216,4.723610663129242,200
early_all_negative_identification,11,1,1,True,"[34, 21, 113, 38]","[21, 34, 38, 113]","[0.25, 0.25, 0.25, 0.25]",47.30539321899414,"[0.06716255843639374, -0.022153906524181366, 0.15769383311271667, -0.022153906524181366, 0.02581861987709999, -0.14399564266204834, 0.15769383311271667, -0.14399564266204834, 0.9070188403129578]","[0.5147311091423035, 0.5408121943473816, 0.5498383045196533, 0.6067677736282349, 0.6319540143013, 0.7112085223197937]","[1.0, 1.0, 1.0, 1.0]",2,6.6150111227206025,4.385798830273519,200
early_all_negative_identification,12,1,1,True,"[53, 78, 11, 72]","[11, 53, 72, 78]","[0.25, 0.25, 0.25, 0.25]",29.029993057250977,"[0.4938434362411499, -0.27151069045066833, -0.20396912097930908, -0.27151069045066833, 0.25608202815055847, 0.0624794103205204, -0.20396912097930908, 0.0624794103205204, 0.25007444620132446]","[0.36704275012016296, 0.45876339077949524, 0.49326083064079285, 0.5286046266555786, 0.5629276633262634, 0.5923725366592407]","[0.0, 0.0, 1.0, 1.0]",1,7.787581466558173,6.896472979562274,200
early_all_negative_identification,13,1,0,False,"[95, 107, 61, 61]","[61, 95, 107]","[0.5, 0.25, 0.25]",209.99880981445312,"[0.05422639101743698, -0.020276617258787155, -0.048594675958156586, -0.020276617258787155, 0.15074768662452698, 0.2160816788673401, -0.048594675958156586, 0.2160816788673401, 0.7950258851051331]","[0.2853994369506836, 0.37306687235832214, 0.48552370071411133, 0.51517653465271, 0.5975901484489441, 0.6687992215156555]","[0.0, 0.0, 1.0, 1.0]",1,7.80050978357737,7.994948012164423,200
early_all_negative_identification,14,1,0,False,"[62, 6, 55, 24]","[6, 24, 55, 62]","[0.25, 0.25, 0.25, 0.25]",7.383055686950684,"[0.38920822739601135, 0.15189626812934875, -0.33922168612480164, 0.15189626812934875, 0.16412252187728882, -0.20714841783046722, -0.33922168612480164, -0.20714841783046722, 0.44666919112205505]","[0.4294600188732147, 0.4673668444156647, 0.4835742712020874, 0.5072093605995178, 0.6680310964584351, 0.6751402616500854]","[3.0, 3.0, 3.0, 3.0]",6,9.870299652410452,10.43424473218195,200
early_all_negative_identification,15,1,1,True,"[110, 64, 55, 83]","[55, 64, 83, 110]","[0.25, 0.25, 0.25, 0.25]",11.231538772583008,"[0.07406434416770935, -0.01688692346215248, -0.21994781494140625, -0.01688692346215248, 0.008310792967677116, 0.0519104078412056, -0.21994781494140625, 0.0519104078412056, 0.917624831199646]","[0.23014770448207855, 0.45449793338775635, 0.49567052721977234, 0.5505648851394653, 0.5809751152992249, 0.6995781064033508]","[0.0, 1.0, 1.0, 2.0]",2,8.978314780701822,6.99958523672797,200
early_all_negative_identification,0,0,1,False,"[59, 26, 63, 91]","[26, 59, 63, 91]","[0.25, 0.25, 0.25, 0.25]",13.456056594848633,"[0.12200618535280228, -0.17058150470256805, -0.11421601474285126, -0.17058150470256805, 0.34296274185180664, 0.30441442131996155, -0.11421601474285126, 0.30441442131996155, 0.5350310802459717]","[0.26719382405281067, 0.5012069344520569, 0.5064521431922913, 0.5439861416816711, 0.6185765862464905, 0.7072356343269348]","[0.0, 0.0, 1.0, 1.0]",1,8.874066460260138,7.526926138624494,400
early_all_negative_identification,1,0,1,False,"[7, 12, 65, 14]","[7, 12, 14, 65]","[0.25, 0.25, 0.25, 0.25]",10.548779487609863,"[0.5302262902259827, -0.3919844925403595, 0.03749336302280426, -0.3919844925403595, 0.3643677234649658, 0.03796405717730522, 0.03749336302280426, 0.03796405717730522, 0.10540599375963211]","[0.32418766617774963, 0.33079564571380615, 0.3602217733860016, 0.4623008370399475, 0.47791895270347595, 0.5419954061508179]","[0.0, 0.0, 1.0, 1.0]",1,10.03837353094191,9.506729530854072,400
early_all_negative_identification,2,0,1,False,"[39, 118, 73, 35]","[35, 39, 73, 118]","[0.25, 0.25, 0.25, 0.25]",15.746675491333008,"[0.23901942372322083, 0.11480922996997833, -0.15486134588718414, 0.11480922996997833, 0.4176118075847626, 0.08272741734981537, -0.15486134588718414, 0.08272741734981537, 0.343368798494339]","[0.3009399473667145, 0.325339674949646, 0.36030954122543335, 0.45227116346359253, 0.47338733077049255, 0.6535884141921997]","[0.0, 1.0, 1.0, 2.0]",2,8.46064198286771,7.933522506095854,400
early_all_negative_identification,3,0,0,True,"[23, 106, 37, 46]","[23, 37, 46, 106]","[0.25, 0.25, 0.25, 0.25]",5.7358078956604,"[0.18935105204582214, -0.2736729681491852, 0.07224379479885101, -0.2736729681491852, 0.5411882996559143, -0.2182299941778183, 0.07224379479885101, -0.2182299941778183, 0.26946061849594116]","[0.3054100275039673, 0.3140675723552704, 0.4004870057106018, 0.42980921268463135, 0.5373931527137756, 0.6538719534873962]","[1.0, 2.0, 2.0, 3.0]",4,9.645184531057216,10.847279848764986,400
early_all_negative_identification,4,0,1,False,"[35, 10, 55, 76]","[10, 35, 55, 76]","[0.25, 0.25, 0.25, 0.25]",28.117660522460938,"[0.4584530293941498, -0.33694103360176086, 0.3182232081890106, -0.33694103360176086, 0.27924013137817383, -0.24654527008533478, 0.3182232081890106, -0.24654527008533478, 0.2623068392276764]","[0.3414490520954132, 0.444489985704422, 0.4490380585193634, 0.5078365206718445, 0.5543969869613647, 0.6122346520423889]","[0.0, 0.0, 1.0, 1.0]",1,8.565436643961283,7.658290686405285,400
early_all_negative_identification,5,0,1,False,"[113, 27, 24, 95]","[24, 27, 95, 113]","[0.25, 0.25, 0.25, 0.25]",15.427262306213379,"[0.15556320548057556, -0.1594511866569519, 0.20577628910541534, -0.1594511866569519, 0.31526830792427063, -0.11849677562713623, 0.20577628910541534, -0.11849677562713623, 0.5291684865951538]","[0.22635474801063538, 0.41198328137397766, 0.4453278183937073, 0.5003072619438171, 0.5100501775741577, 0.6240083575248718]","[0.0, 0.0, 1.0, 1.0]",1,8.380176295527919,7.349804336681181,400
early_all_negative_identification,6,0,1,False,"[37, 47, 43, 42]","[37, 42, 43, 47]","[0.25, 0.25, 0.25, 0.25]",31.281265258789062,"[0.09375318139791489, 0.02243967540562153, 0.22443875670433044, 0.02243967540562153, 0.10251441597938538, 0.10813706368207932, 0.22443875670433044, 0.10813706368207932, 0.8037323355674744]","[0.259279727935791, 0.28850921988487244, 0.5096642374992371, 0.5283287167549133, 0.5708308219909668, 0.645463228225708]","[0.0, 0.0, 1.0, 1.0]",1,7.440396071092288,5.588653114597971,400
early_all_negative_identification,7,0,1,False,"[52, 78, 41, 85]","[41, 52, 78, 85]","[0.25, 0.25, 0.25, 0.25]",41.07946014404297,"[0.3711758553981781, 0.12007422000169754, 0.050849009305238724, 0.12007422000169754, 0.2879742980003357, -0.012189095839858055, 0.050849009305238724, -0.012189095839858055, 0.3408498167991638]","[0.2149040400981903, 0.3417031764984131, 0.3525347113609314, 0.501057505607605, 0.5148234963417053, 0.6658504605293274]","[1.0, 1.0, 1.0, 1.0]",2,6.57695997273277,6.20948941861499,400
early_all_negative_identification,8,1,0,False,"[68, 34, 52, 45]","[34, 45, 52, 68]","[0.25, 0.25, 0.25, 0.25]",54.67790603637695,"[0.3262096047401428, -0.04569059982895851, 0.07219377160072327, -0.04569059982895851, 0.07342106103897095, 0.13618122041225433, 0.07219377160072327, 0.13618122041225433, 0.600369393825531]","[0.3085288405418396, 0.3708619177341461, 0.5000767111778259, 0.5613558888435364, 0.6422523260116577, 0.6763860583305359]","[0.0, 0.0, 1.0, 1.0]",1,5.3764616513390635,5.548496177832899,400
early_all_negative_identification,9,1,0,False,"[84, 30, 103, 5]","[5, 30, 84, 103]","[0.25, 0.25, 0.25, 0.25]",85.82987213134766,"[0.3605790138244629, -0.26650840044021606, -0.07808004319667816, -0.26650840044021606, 0.2261229306459427, 0.03430410474538803, -0.07808004319667816, 0.03430410474538803, 0.4132980704307556]","[0.33082976937294006, 0.36882156133651733, 0.38626646995544434, 0.4429708421230316, 0.5536839962005615, 0.6192953586578369]","[0.0, 0.0, 1.0, 1.0]",1,6.069698879767701,7.092379390129576,400
early_all_negative_identification,10,1,1,True,"[8, 82, 116, 55]","[8, 55, 82, 116]","[0.25, 0.25, 0.25, 0.25]",11.372428894042969,"[0.11884987354278564, -0.04047109931707382, -0.04689447209239006, -0.04047109931707382, 0.11212553828954697, 0.22014759480953217, -0.04689447209239006, 0.22014759480953217, 0.7690246105194092]","[0.43825000524520874, 0.4886479079723358, 0.5500989556312561, 0.6037577986717224, 0.6499651670455933, 0.7989692687988281]","[0.0, 0.0, 1.0, 1.0]",1,8.969845584291765,6.357034206834733,400
early_all_negative_identification,11,1,1,True,"[34, 21, 113, 38]","[21, 34, 38, 113]","[0.25, 0.25, 0.25, 0.25]",44.53778076171875,"[0.07078932225704193, -0.017526822164654732, 0.1469612717628479, -0.017526822164654732, 0.017952367663383484, -0.11439832299947739, 0.1469612717628479, -0.11439832299947739, 0.911258339881897]","[0.5093315243721008, 0.5120700001716614, 0.5160626173019409, 0.5510207414627075, 0.5891826152801514, 0.6263012290000916]","[1.0, 1.0, 1.0, 1.0]",2,6.547307338249322,4.37703466646961,400
early_all_negative_identification,12,1,1,True,"[53, 78, 11, 108]","[11, 53, 78, 108]","[0.25, 0.25, 0.25, 0.25]",28.92441749572754,"[0.4943635165691376, -0.31192252039909363, -0.22151951491832733, -0.31192252039909363, 0.27759113907814026, 0.11583875119686127, -0.22151951491832733, 0.11583875119686127, 0.2280452698469162]","[0.30284583568573, 0.44913381338119507, 0.47105807065963745, 0.47664886713027954, 0.5009717345237732, 0.5261173844337463]","[0.0, 0.0, 1.0, 1.0]",1,8.409205816121833,7.643516237906995,400
early_all_negative_identification,13,1,0,False,"[95, 69, 61, 61]","[61, 69, 95]","[0.5, 0.25, 0.25]",211.00851440429688,"[0.058738045394420624, -0.044590890407562256, -0.077669657766819, -0.044590890407562256, 0.19230253994464874, 0.2819642424583435, -0.077669657766819, 0.2819642424583435, 0.7489594221115112]","[0.2769716680049896, 0.36322489380836487, 0.4725404381752014, 0.5132870078086853, 0.5673057436943054, 0.6794976592063904]","[0.0, 0.0, 1.0, 1.0]",1,8.092514493256608,8.47132732959869,400
early_all_negative_identification,14,1,1,True,"[64, 6, 55, 110]","[6, 55, 64, 110]","[0.25, 0.25, 0.25, 0.25]",6.565524101257324,"[0.43593189120292664, 0.11382640153169632, -0.3508721888065338, 0.11382640153169632, 0.1466778814792633, -0.15243034064769745, -0.3508721888065338, -0.15243034064769745, 0.41739019751548767]","[0.3537178933620453, 0.4278256297111511, 0.4894462525844574, 0.49131035804748535, 0.5005466938018799, 0.6953770518302917]","[0.0, 1.0, 1.0, 2.0]",2,10.351247921193544,9.421099313935757,400
early_all_negative_identification,15,1,1,True,"[110, 64, 55, 83]","[55, 64, 83, 110]","[0.25, 0.25, 0.25, 0.25]",8.379209518432617,"[0.08958850055932999, -0.0329594761133194, -0.24560397863388062, -0.0329594761133194, 0.01727966032922268, 0.09897304326295853, -0.24560397863388062, 0.09897304326295853, 0.8931318521499634]","[0.21327964961528778, 0.4831106662750244, 0.48669445514678955, 0.50611811876297, 0.5343002676963806, 0.6432767510414124]","[0.0, 1.0, 1.0, 2.0]",2,9.699492132109286,7.870102426007578,400
