method,time,target,own_velocity_error,shuffled_velocity_error,own_target_margin,own_target_win,condition_velocity_shift_rms,checkpoint_step
original_injection,0.0,0,2.100635290145874,2.2162249088287354,0.11558961868286133,True,0.5474608540534973,400
original_injection,0.0,1,1.5693103075027466,1.2075016498565674,-0.3618086576461792,False,0.7939224243164062,400
original_injection,0.0,2,3.4573709964752197,4.813838958740234,1.3564679622650146,True,0.9728396534919739,400
original_injection,0.0,3,2.2398152351379395,2.2352139949798584,-0.004601240158081055,False,0.11162588000297546,400
original_injection,0.0,4,1.9571895599365234,1.9296807050704956,-0.027508854866027832,False,0.12932710349559784,400
original_injection,0.0,5,1.133897066116333,1.0265733003616333,-0.10732376575469971,False,0.3398285210132599,400
original_injection,0.0,6,2.31404972076416,2.248987913131714,-0.06506180763244629,False,0.0745900496840477,400
original_injection,0.0,7,1.8237186670303345,1.8200664520263672,-0.003652215003967285,False,0.257548451423645,400
original_injection,0.125,0,1.189896583557129,1.7392909526824951,0.5493943691253662,True,0.5241262316703796,400
original_injection,0.125,1,1.8658088445663452,1.2712860107421875,-0.5945228338241577,False,0.8207117915153503,400
original_injection,0.125,2,2.308690071105957,2.755474805831909,0.44678473472595215,True,0.9742546677589417,400
original_injection,0.125,3,2.8182225227355957,2.836717128753662,0.018494606018066406,True,0.1235404759645462,400
original_injection,0.125,4,2.5363874435424805,2.383873224258423,-0.15251421928405762,False,0.17402692139148712,400
original_injection,0.125,5,1.8018007278442383,2.0391430854797363,0.23734235763549805,True,0.29081103205680847,400
original_injection,0.125,6,2.593137264251709,2.456759214401245,-0.13637804985046387,False,0.07401498407125473,400
original_injection,0.125,7,2.0893497467041016,2.123077392578125,0.03372764587402344,True,0.24114449322223663,400
original_injection,0.25,0,1.1577606201171875,1.150885820388794,-0.006874799728393555,False,0.527668297290802,400
original_injection,0.25,1,1.3138790130615234,2.489903450012207,1.1760244369506836,True,0.9129462242126465,400
original_injection,0.25,2,1.3884294033050537,2.4583733081817627,1.069943904876709,True,0.8968194723129272,400
original_injection,0.25,3,1.0728461742401123,1.1462851762771606,0.07343900203704834,True,0.11924005299806595,400
original_injection,0.25,4,2.004560947418213,1.9859907627105713,-0.0185701847076416,False,0.09598062187433243,400
original_injection,0.25,5,1.1431052684783936,1.3280616998672485,0.18495643138885498,True,0.3418889343738556,400
original_injection,0.25,6,2.146566152572632,2.089897632598877,-0.05666851997375488,False,0.08141013979911804,400
original_injection,0.25,7,2.052114963531494,2.2474029064178467,0.19528794288635254,True,0.22291706502437592,400
original_injection,0.375,0,2.521853446960449,3.42482852935791,0.9029750823974609,True,0.5027334690093994,400
original_injection,0.375,1,1.563532829284668,2.5460305213928223,0.9824976921081543,True,0.8834467530250549,400
original_injection,0.375,2,0.9822803139686584,1.609037160873413,0.6267568469047546,True,0.9440099000930786,400
original_injection,0.375,3,1.8372275829315186,1.9852805137634277,0.14805293083190918,True,0.12368001788854599,400
original_injection,0.375,4,1.1253256797790527,1.1814801692962646,0.056154489517211914,True,0.12233750522136688,400
original_injection,0.375,5,1.6692228317260742,1.5729278326034546,-0.09629499912261963,False,0.3803524374961853,400
original_injection,0.375,6,1.228501319885254,1.2318118810653687,0.003310561180114746,True,0.08067438006401062,400
original_injection,0.375,7,1.2398250102996826,1.4523249864578247,0.2124999761581421,True,0.2100282907485962,400
original_injection,0.5,0,2.240781307220459,2.511256694793701,0.2704753875732422,True,0.5340640544891357,400
original_injection,0.5,1,2.394059181213379,2.148970365524292,-0.24508881568908691,False,0.9285352826118469,400
original_injection,0.5,2,1.2086632251739502,2.3763933181762695,1.1677300930023193,True,0.94722980260849,400
original_injection,0.5,3,2.1499392986297607,2.100273370742798,-0.04966592788696289,False,0.10734773427248001,400
original_injection,0.5,4,2.449491024017334,2.323227643966675,-0.12626338005065918,False,0.12361934781074524,400
original_injection,0.5,5,1.9625804424285889,2.5129318237304688,0.5503513813018799,True,0.360548734664917,400
original_injection,0.5,6,1.1674662828445435,1.189394235610962,0.021927952766418457,True,0.0785975456237793,400
original_injection,0.5,7,1.6384251117706299,1.8627806901931763,0.2243555784225464,True,0.2540648579597473,400
original_injection,0.625,0,2.318446636199951,1.6714775562286377,-0.6469690799713135,False,0.5458222031593323,400
original_injection,0.625,1,1.8461222648620605,2.6625051498413086,0.816382884979248,True,0.9278029799461365,400
original_injection,0.625,2,1.5000683069229126,1.8186452388763428,0.3185769319534302,True,0.9547314643859863,400
original_injection,0.625,3,1.8022172451019287,1.7928303480148315,-0.009386897087097168,False,0.09954558312892914,400
original_injection,0.625,4,1.8877520561218262,1.8649811744689941,-0.02277088165283203,False,0.08525833487510681,400
original_injection,0.625,5,2.2539544105529785,2.6732001304626465,0.41924571990966797,True,0.31977424025535583,400
original_injection,0.625,6,1.6220777034759521,1.5639896392822266,-0.058088064193725586,False,0.07752349972724915,400
original_injection,0.625,7,1.9104888439178467,1.9755358695983887,0.06504702568054199,True,0.21734775602817535,400
original_injection,0.75,0,1.611318588256836,1.8907294273376465,0.27941083908081055,True,0.5520101189613342,400
original_injection,0.75,1,1.2175042629241943,1.531595230102539,0.3140909671783447,True,0.9348165392875671,400
original_injection,0.75,2,1.7429699897766113,3.6518797874450684,1.908909797668457,True,0.9377769231796265,400
original_injection,0.75,3,2.073961019515991,2.1151957511901855,0.041234731674194336,True,0.09227867424488068,400
original_injection,0.75,4,1.8782408237457275,1.8621017932891846,-0.01613903045654297,False,0.13933634757995605,400
original_injection,0.75,5,2.707242965698242,2.6219043731689453,-0.08533859252929688,False,0.4286394417285919,400
original_injection,0.75,6,2.3425774574279785,2.3760786056518555,0.03350114822387695,True,0.07875551283359528,400
original_injection,0.75,7,1.8420872688293457,2.0393505096435547,0.19726324081420898,True,0.21153196692466736,400
original_injection,0.875,0,1.818379282951355,2.1879866123199463,0.3696073293685913,True,0.5388901829719543,400
original_injection,0.875,1,1.8485671281814575,2.586899995803833,0.7383328676223755,True,0.8531008362770081,400
original_injection,0.875,2,1.8530611991882324,2.3602054119110107,0.5071442127227783,True,0.9936951994895935,400
original_injection,0.875,3,2.5426220893859863,2.4680726528167725,-0.07454943656921387,False,0.0878174677491188,400
original_injection,0.875,4,5.019730091094971,5.27742338180542,0.2576932907104492,True,0.17499969899654388,400
original_injection,0.875,5,1.34396493434906,1.6416782140731812,0.2977132797241211,True,0.3591573238372803,400
original_injection,0.875,6,1.7739728689193726,1.778498649597168,0.00452578067779541,True,0.07649188488721848,400
original_injection,0.875,7,1.592087984085083,1.5146857500076294,-0.07740223407745361,False,0.21565446257591248,400
original_injection,1.0,0,2.4873337745666504,2.872342109680176,0.3850083351135254,True,0.5478323101997375,400
original_injection,1.0,1,1.8586344718933105,1.8192541599273682,-0.03938031196594238,False,0.9044948220252991,400
original_injection,1.0,2,2.043814182281494,2.2105541229248047,0.16673994064331055,True,0.9797699451446533,400
original_injection,1.0,3,2.532545804977417,2.5069775581359863,-0.025568246841430664,False,0.08539775758981705,400
original_injection,1.0,4,1.7844948768615723,1.7192893028259277,-0.06520557403564453,False,0.14184127748012543,400
original_injection,1.0,5,2.5812466144561768,2.5729451179504395,-0.008301496505737305,False,0.35948190093040466,400
original_injection,1.0,6,3.306407928466797,3.330198287963867,0.023790359497070312,True,0.0774625688791275,400
original_injection,1.0,7,2.5540871620178223,2.60213041305542,0.048043251037597656,True,0.23327000439167023,400
original_injection,0.0,0,2.243475914001465,2.4008708000183105,0.1573948860168457,True,0.8045315146446228,800
original_injection,0.0,1,1.5510611534118652,1.274670124053955,-0.27639102935791016,False,0.8372498154640198,800
original_injection,0.0,2,3.493866443634033,4.865742206573486,1.3718757629394531,True,1.0151578187942505,800
original_injection,0.0,3,1.9803011417388916,1.9131557941436768,-0.06714534759521484,False,0.1518663614988327,800
original_injection,0.0,4,1.4536045789718628,1.4246532917022705,-0.028951287269592285,False,0.15802881121635437,800
original_injection,0.0,5,1.150712251663208,0.9415963888168335,-0.2091158628463745,False,0.452940434217453,800
original_injection,0.0,6,2.0917623043060303,2.0522375106811523,-0.03952479362487793,False,0.0525529608130455,800
original_injection,0.0,7,2.122197151184082,2.081752300262451,-0.04044485092163086,False,0.18145829439163208,800
original_injection,0.125,0,1.0123670101165771,1.2988879680633545,0.28652095794677734,True,0.5862503051757812,800
original_injection,0.125,1,1.6884613037109375,1.166210651397705,-0.5222506523132324,False,0.9497202634811401,800
original_injection,0.125,2,2.1737067699432373,2.596278667449951,0.42257189750671387,True,0.947577714920044,800
original_injection,0.125,3,2.2505412101745605,2.237992763519287,-0.012548446655273438,False,0.16788458824157715,800
original_injection,0.125,4,2.297919511795044,2.252368927001953,-0.04555058479309082,False,0.1702321171760559,800
original_injection,0.125,5,2.021239757537842,2.45735502243042,0.4361152648925781,True,0.39126095175743103,800
original_injection,0.125,6,1.9264065027236938,1.8773040771484375,-0.04910242557525635,False,0.054615460336208344,800
original_injection,0.125,7,2.0389151573181152,2.201988697052002,0.16307353973388672,True,0.17381015419960022,800
original_injection,0.25,0,1.0322937965393066,0.822128415107727,-0.2101653814315796,False,0.5628663897514343,800
original_injection,0.25,1,1.116665244102478,2.8497447967529297,1.7330795526504517,True,1.1193792819976807,800
original_injection,0.25,2,1.1752471923828125,1.8971084356307983,0.7218612432479858,True,0.9416624903678894,800
original_injection,0.25,3,0.8466902375221252,0.8981948494911194,0.05150461196899414,True,0.18122032284736633,800
original_injection,0.25,4,1.712946891784668,1.6242947578430176,-0.08865213394165039,False,0.16252218186855316,800
original_injection,0.25,5,0.8488810658454895,1.020094633102417,0.1712135672569275,True,0.48463431000709534,800
original_injection,0.25,6,1.9298832416534424,1.902320146560669,-0.027563095092773438,False,0.04959993436932564,800
original_injection,0.25,7,2.0169498920440674,2.1146650314331055,0.09771513938903809,True,0.1499834954738617,800
original_injection,0.375,0,2.165853977203369,2.893527030944824,0.7276730537414551,True,0.6368507146835327,800
original_injection,0.375,1,1.5543208122253418,2.9083356857299805,1.3540148735046387,True,0.9894469380378723,800
original_injection,0.375,2,0.9523467421531677,1.668321967124939,0.7159752249717712,True,0.9881459474563599,800
original_injection,0.375,3,1.3788161277770996,1.5345358848571777,0.15571975708007812,True,0.18980538845062256,800
original_injection,0.375,4,1.1151089668273926,1.2186129093170166,0.10350394248962402,True,0.15493546426296234,800
original_injection,0.375,5,1.5568552017211914,1.4389445781707764,-0.11791062355041504,False,0.4627280831336975,800
original_injection,0.375,6,1.0428009033203125,1.046715497970581,0.003914594650268555,True,0.0639861449599266,800
original_injection,0.375,7,1.0890343189239502,1.1819629669189453,0.09292864799499512,True,0.14537186920642853,800
original_injection,0.5,0,1.9409133195877075,1.9333053827285767,-0.007607936859130859,False,0.5769755840301514,800
original_injection,0.5,1,2.3801932334899902,2.3663175106048584,-0.013875722885131836,False,1.0146816968917847,800
original_injection,0.5,2,0.9148458242416382,2.068899154663086,1.1540533304214478,True,0.9672834277153015,800
original_injection,0.5,3,2.167367696762085,1.9817363023757935,-0.1856313943862915,False,0.1735893189907074,800
original_injection,0.5,4,2.1778440475463867,2.1320621967315674,-0.045781850814819336,False,0.1568683385848999,800
original_injection,0.5,5,1.9370068311691284,2.8525352478027344,0.915528416633606,True,0.47457221150398254,800
original_injection,0.5,6,1.2877750396728516,1.288588285446167,0.0008132457733154297,True,0.05939261242747307,800
original_injection,0.5,7,1.458559513092041,1.661189079284668,0.20262956619262695,True,0.19478033483028412,800
original_injection,0.625,0,2.4506587982177734,1.4941291809082031,-0.9565296173095703,False,0.6556488871574402,800
original_injection,0.625,1,1.6018624305725098,2.773698329925537,1.1718358993530273,True,1.0218112468719482,800
original_injection,0.625,2,1.337104082107544,1.7874476909637451,0.45034360885620117,True,0.9576813578605652,800
original_injection,0.625,3,1.6519553661346436,1.5725724697113037,-0.07938289642333984,False,0.16395977139472961,800
original_injection,0.625,4,1.7307639122009277,1.7563912868499756,0.02562737464904785,True,0.1532585769891739,800
original_injection,0.625,5,1.8569042682647705,2.3971519470214844,0.5402476787567139,True,0.4463096857070923,800
original_injection,0.625,6,1.5543960332870483,1.5112619400024414,-0.043134093284606934,False,0.05611462518572807,800
original_injection,0.625,7,1.7367022037506104,1.7930936813354492,0.05639147758483887,True,0.175353541970253,800
original_injection,0.75,0,1.3984026908874512,1.663914442062378,0.26551175117492676,True,0.7016075849533081,800
original_injection,0.75,1,0.9522320032119751,1.576775074005127,0.6245430707931519,True,1.048961877822876,800
original_injection,0.75,2,1.6578054428100586,3.409078598022461,1.7512731552124023,True,0.9608216285705566,800
original_injection,0.75,3,1.7988848686218262,1.8044836521148682,0.005598783493041992,True,0.16532322764396667,800
original_injection,0.75,4,1.9903357028961182,1.997952938079834,0.00761723518371582,True,0.1612350344657898,800
original_injection,0.75,5,3.0254063606262207,3.007030487060547,-0.018375873565673828,False,0.6188241839408875,800
original_injection,0.75,6,2.085541248321533,2.128317356109619,0.04277610778808594,True,0.060298625379800797,800
original_injection,0.75,7,1.835474967956543,1.8773308992385864,0.04185593128204346,True,0.15257512032985687,800
original_injection,0.875,0,1.506662130355835,1.7654780149459839,0.2588158845901489,True,0.6904687285423279,800
original_injection,0.875,1,2.1395609378814697,2.8925557136535645,0.7529947757720947,True,0.9768235683441162,800
original_injection,0.875,2,2.0600340366363525,2.521059513092041,0.4610254764556885,True,0.9881986975669861,800
original_injection,0.875,3,2.22892427444458,2.0980052947998047,-0.1309189796447754,False,0.1661997139453888,800
original_injection,0.875,4,4.5914082527160645,4.938434600830078,0.34702634811401367,True,0.17678235471248627,800
original_injection,0.875,5,1.267831563949585,1.7072906494140625,0.43945908546447754,True,0.47902530431747437,800
original_injection,0.875,6,1.8961613178253174,1.8968706130981445,0.0007092952728271484,True,0.05390935391187668,800
original_injection,0.875,7,1.401106595993042,1.331101894378662,-0.07000470161437988,False,0.1420704871416092,800
original_injection,1.0,0,2.151155471801758,2.427682876586914,0.27652740478515625,True,0.687381386756897,800
original_injection,1.0,1,1.6902035474777222,1.8929386138916016,0.2027350664138794,True,1.01799476146698,800
original_injection,1.0,2,2.235201120376587,2.6087796688079834,0.3735785484313965,True,0.9852248430252075,800
original_injection,1.0,3,2.709493637084961,2.6484007835388184,-0.06109285354614258,False,0.16228768229484558,800
original_injection,1.0,4,1.6220519542694092,1.544250249862671,-0.07780170440673828,False,0.16204816102981567,800
original_injection,1.0,5,2.8958582878112793,2.926178455352783,0.030320167541503906,True,0.47335705161094666,800
original_injection,1.0,6,3.6539602279663086,3.6618003845214844,0.007840156555175781,True,0.05569864809513092,800
original_injection,1.0,7,2.2748193740844727,2.4065542221069336,0.13173484802246094,True,0.16463924944400787,800
residual_field,0.0,0,2.1922521591186523,2.1878461837768555,-0.004405975341796875,False,0.16576054692268372,400
residual_field,0.0,1,1.1993193626403809,1.1283035278320312,-0.07101583480834961,False,0.250642329454422,400
residual_field,0.0,2,3.672833204269409,4.0638203620910645,0.3909871578216553,True,0.29392147064208984,400
residual_field,0.0,3,2.451904773712158,2.4043173789978027,-0.04758739471435547,False,0.03658890724182129,400
residual_field,0.0,4,2.1082775592803955,2.105037212371826,-0.003240346908569336,False,0.03680633753538132,400
residual_field,0.0,5,1.2000610828399658,1.1566216945648193,-0.043439388275146484,False,0.07377646863460541,400
residual_field,0.0,6,2.246289014816284,2.2235898971557617,-0.02269911766052246,False,0.024027019739151,400
residual_field,0.0,7,1.7684590816497803,1.7755483388900757,0.00708925724029541,True,0.03535952419042587,400
residual_field,0.125,0,1.1213688850402832,1.4442766904830933,0.32290780544281006,True,0.3929058015346527,400
residual_field,0.125,1,1.5444533824920654,1.2483912706375122,-0.2960621118545532,False,0.5897477865219116,400
residual_field,0.125,2,2.220790147781372,2.469188928604126,0.2483987808227539,True,0.6443140506744385,400
residual_field,0.125,3,2.797273635864258,2.77040958404541,-0.026864051818847656,False,0.08778354525566101,400
residual_field,0.125,4,2.592177391052246,2.5469415187835693,-0.04523587226867676,False,0.09595286846160889,400
residual_field,0.125,5,1.6812176704406738,1.77679443359375,0.09557676315307617,True,0.12501244246959686,400
residual_field,0.125,6,2.5268678665161133,2.4510035514831543,-0.07586431503295898,False,0.0445777103304863,400
residual_field,0.125,7,2.206812858581543,2.186086416244507,-0.020726442337036133,False,0.09572630375623703,400
residual_field,0.25,0,1.1255279779434204,1.0690288543701172,-0.05649912357330322,False,0.4869554042816162,400
residual_field,0.25,1,1.249582052230835,2.4239516258239746,1.1743695735931396,True,0.8703634142875671,400
residual_field,0.25,2,1.4505534172058105,2.4374587535858154,0.9869053363800049,True,0.9040626287460327,400
residual_field,0.25,3,1.0766377449035645,1.0852038860321045,0.008566141128540039,True,0.11260425299406052,400
residual_field,0.25,4,2.04409122467041,2.0019683837890625,-0.042122840881347656,False,0.09528840333223343,400
residual_field,0.25,5,1.132638692855835,1.1703579425811768,0.0377192497253418,True,0.16455483436584473,400
residual_field,0.25,6,2.259035110473633,2.1746938228607178,-0.08434128761291504,False,0.07567600160837173,400
residual_field,0.25,7,2.044163942337036,2.1696507930755615,0.1254868507385254,True,0.1286919265985489,400
residual_field,0.375,0,2.3914873600006104,3.3903768062591553,0.9988894462585449,True,0.576457679271698,400
residual_field,0.375,1,1.4992915391921997,2.866854190826416,1.3675626516342163,True,1.0203418731689453,400
residual_field,0.375,2,0.9438437223434448,1.7862355709075928,0.842391848564148,True,1.041393756866455,400
residual_field,0.375,3,1.755919337272644,1.7847422361373901,0.028822898864746094,True,0.13184048235416412,400
residual_field,0.375,4,1.0519990921020508,1.1443085670471191,0.09230947494506836,True,0.1276589184999466,400
residual_field,0.375,5,1.6931654214859009,1.5365242958068848,-0.1566411256790161,False,0.25408461689949036,400
residual_field,0.375,6,1.3207606077194214,1.270802617073059,-0.049957990646362305,False,0.10067678242921829,400
residual_field,0.375,7,1.259454607963562,1.4048218727111816,0.14536726474761963,True,0.1469261348247528,400
residual_field,0.5,0,2.2344932556152344,2.4070887565612793,0.17259550094604492,True,0.6343010663986206,400
residual_field,0.5,1,2.4862208366394043,2.2482528686523438,-0.23796796798706055,False,1.0866475105285645,400
residual_field,0.5,2,1.1063019037246704,2.678312063217163,1.5720101594924927,True,1.1391077041625977,400
residual_field,0.5,3,2.1447958946228027,1.935291051864624,-0.2095048427581787,False,0.14187881350517273,400
residual_field,0.5,4,2.4617977142333984,2.350731372833252,-0.11106634140014648,False,0.14498668909072876,400
residual_field,0.5,5,1.8855600357055664,2.1175436973571777,0.23198366165161133,True,0.17850348353385925,400
residual_field,0.5,6,1.2109218835830688,1.206683874130249,-0.004238009452819824,False,0.09952166676521301,400
residual_field,0.5,7,1.6433889865875244,1.751361608505249,0.10797262191772461,True,0.14977949857711792,400
residual_field,0.625,0,2.4348039627075195,1.6601697206497192,-0.7746342420578003,False,0.5737913250923157,400
residual_field,0.625,1,1.7894563674926758,2.8275222778320312,1.0380659103393555,True,1.0504823923110962,400
residual_field,0.625,2,1.3532707691192627,2.0327436923980713,0.6794729232788086,True,1.0803241729736328,400
residual_field,0.625,3,1.822548270225525,1.7117805480957031,-0.11076772212982178,False,0.14043119549751282,400
residual_field,0.625,4,1.8593261241912842,1.8292553424835205,-0.030070781707763672,False,0.10653018206357956,400
residual_field,0.625,5,2.164299249649048,2.4806783199310303,0.3163790702819824,True,0.23281380534172058,400
residual_field,0.625,6,1.6486024856567383,1.5588586330413818,-0.08974385261535645,False,0.08747243136167526,400
residual_field,0.625,7,1.9041199684143066,1.9152138233184814,0.011093854904174805,True,0.12042791396379471,400
residual_field,0.75,0,1.5463006496429443,1.768296718597412,0.22199606895446777,True,0.5538569688796997,400
residual_field,0.75,1,1.1407536268234253,1.528881549835205,0.3881279230117798,True,0.8774842619895935,400
residual_field,0.75,2,1.8375537395477295,3.6072092056274414,1.769655466079712,True,0.899881899356842,400
residual_field,0.75,3,2.0670924186706543,2.0190958976745605,-0.04799652099609375,False,0.12906543910503387,400
residual_field,0.75,4,1.8879430294036865,1.8643252849578857,-0.02361774444580078,False,0.1235516294836998,400
residual_field,0.75,5,2.7036566734313965,2.5941810607910156,-0.10947561264038086,False,0.2488097846508026,400
residual_field,0.75,6,2.1473865509033203,2.2199082374572754,0.07252168655395508,True,0.0752214565873146,400
residual_field,0.75,7,1.8794437646865845,2.0209102630615234,0.14146649837493896,True,0.10943444073200226,400
residual_field,0.875,0,1.7960143089294434,1.985543966293335,0.1895296573638916,True,0.3799888491630554,400
residual_field,0.875,1,1.8398761749267578,2.4310619831085205,0.5911858081817627,True,0.5919108986854553,400
residual_field,0.875,2,1.8314368724822998,1.9932458400726318,0.16180896759033203,True,0.6578109264373779,400
residual_field,0.875,3,2.6174774169921875,2.5068695545196533,-0.11060786247253418,False,0.09367240965366364,400
residual_field,0.875,4,4.932746887207031,5.145106315612793,0.21235942840576172,True,0.10219265520572662,400
residual_field,0.875,5,1.3458259105682373,1.4515047073364258,0.10567879676818848,True,0.1515890657901764,400
residual_field,0.875,6,1.7663743495941162,1.761440634727478,-0.004933714866638184,False,0.051133036613464355,400
residual_field,0.875,7,1.5382015705108643,1.5430142879486084,0.004812717437744141,True,0.07987872511148453,400
residual_field,1.0,0,2.544173240661621,2.623432159423828,0.07925891876220703,True,0.16399328410625458,400
residual_field,1.0,1,1.656674861907959,1.6592962741851807,0.0026214122772216797,True,0.2668995261192322,400
residual_field,1.0,2,1.9347541332244873,1.933255910873413,-0.0014982223510742188,False,0.2832932472229004,400
residual_field,1.0,3,2.378592014312744,2.3847455978393555,0.006153583526611328,True,0.04021332412958145,400
residual_field,1.0,4,1.8676674365997314,1.8521009683609009,-0.015566468238830566,False,0.03890007734298706,400
residual_field,1.0,5,2.575587511062622,2.553626775741577,-0.021960735321044922,False,0.06609322130680084,400
residual_field,1.0,6,3.527252435684204,3.5204782485961914,-0.006774187088012695,False,0.022340653464198112,400
residual_field,1.0,7,2.5431594848632812,2.563896894454956,0.020737409591674805,True,0.03490800783038139,400
residual_field,0.0,0,2.245958089828491,2.3669490814208984,0.12099099159240723,True,0.26181015372276306,800
residual_field,0.0,1,1.485830545425415,1.3301730155944824,-0.15565752983093262,False,0.32067617774009705,800
residual_field,0.0,2,3.851928949356079,4.370110034942627,0.5181810855865479,True,0.35622939467430115,800
residual_field,0.0,3,2.2181577682495117,2.156572103500366,-0.06158566474914551,False,0.0450754351913929,800
residual_field,0.0,4,1.488304853439331,1.4920694828033447,0.003764629364013672,True,0.047762732952833176,800
residual_field,0.0,5,1.0766441822052002,0.9653777480125427,-0.11126643419265747,False,0.16349337995052338,800
residual_field,0.0,6,2.090698719024658,2.079257011413574,-0.011441707611083984,False,0.022787686437368393,800
residual_field,0.0,7,2.035788059234619,2.032322406768799,-0.0034656524658203125,False,0.03535531461238861,800
residual_field,0.125,0,1.001747488975525,1.3649401664733887,0.36319267749786377,True,0.40217190980911255,800
residual_field,0.125,1,1.6721866130828857,1.1259510517120361,-0.5462355613708496,False,0.7625772953033447,800
residual_field,0.125,2,2.0852837562561035,2.6823554039001465,0.597071647644043,True,0.8354144096374512,800
residual_field,0.125,3,2.3847100734710693,2.3649938106536865,-0.019716262817382812,False,0.11164699494838715,800
residual_field,0.125,4,2.269505262374878,2.2535781860351562,-0.01592707633972168,False,0.12322220206260681,800
residual_field,0.125,5,1.7553178071975708,2.0954856872558594,0.3401678800582886,True,0.3851254880428314,800
residual_field,0.125,6,1.825446367263794,1.8043880462646484,-0.021058320999145508,False,0.04269115626811981,800
residual_field,0.125,7,2.254340887069702,2.3728675842285156,0.11852669715881348,True,0.06305569410324097,800
residual_field,0.25,0,0.8972759246826172,0.7740802764892578,-0.12319564819335938,False,0.4818117320537567,800
residual_field,0.25,1,1.0275678634643555,2.4678571224212646,1.4402892589569092,True,1.0850696563720703,800
residual_field,0.25,2,1.4549609422683716,2.503293991088867,1.0483330488204956,True,1.1921898126602173,800
residual_field,0.25,3,0.8688696026802063,0.8592085838317871,-0.00966101884841919,False,0.14341223239898682,800
residual_field,0.25,4,1.706631064414978,1.606832504272461,-0.09979856014251709,False,0.12979432940483093,800
residual_field,0.25,5,0.7667269706726074,1.018808364868164,0.25208139419555664,True,0.5143784284591675,800
residual_field,0.25,6,1.90464448928833,1.8783810138702393,-0.02626347541809082,False,0.0683700442314148,800
residual_field,0.25,7,1.949509859085083,1.9728574752807617,0.02334761619567871,True,0.091433085501194,800
residual_field,0.375,0,1.9795377254486084,2.835625171661377,0.8560874462127686,True,0.6995779275894165,800
residual_field,0.375,1,1.4625059366226196,3.3242135047912598,1.8617075681686401,True,1.3187041282653809,800
residual_field,0.375,2,1.0788185596466064,2.2241225242614746,1.1453039646148682,True,1.3394556045532227,800
residual_field,0.375,3,1.1729681491851807,1.1883727312088013,0.015404582023620605,True,0.14473390579223633,800
residual_field,0.375,4,1.0675523281097412,1.1868191957473755,0.11926686763763428,True,0.16355395317077637,800
residual_field,0.375,5,1.6192681789398193,1.5939702987670898,-0.025297880172729492,False,0.6438688039779663,800
residual_field,0.375,6,1.0277401208877563,0.9695696830749512,-0.058170437812805176,False,0.09327603876590729,800
residual_field,0.375,7,1.0657891035079956,1.0737755298614502,0.00798642635345459,True,0.08687666058540344,800
residual_field,0.5,0,1.8935465812683105,1.9741628170013428,0.08061623573303223,True,0.7265709638595581,800
residual_field,0.5,1,2.7671055793762207,2.630876064300537,-0.1362295150756836,False,1.3780962228775024,800
residual_field,0.5,2,0.8551501035690308,2.915313243865967,2.0601630210876465,True,1.428020715713501,800
residual_field,0.5,3,2.258690357208252,2.038728713989258,-0.21996164321899414,False,0.17420975863933563,800
residual_field,0.5,4,2.208674669265747,2.1267035007476807,-0.0819711685180664,False,0.20016655325889587,800
residual_field,0.5,5,1.7075304985046387,2.7845072746276855,1.0769767761230469,True,0.6821664571762085,800
residual_field,0.5,6,1.2311561107635498,1.2347962856292725,0.0036401748657226562,True,0.08372778445482254,800
residual_field,0.5,7,1.4313161373138428,1.5025140047073364,0.07119786739349365,True,0.13476726412773132,800
residual_field,0.625,0,2.318613052368164,1.6233527660369873,-0.6952602863311768,False,0.6717119216918945,800
residual_field,0.625,1,1.572453260421753,2.926370620727539,1.3539173603057861,True,1.3091685771942139,800
residual_field,0.625,2,1.0848989486694336,2.4681925773620605,1.383293628692627,True,1.3918217420578003,800
residual_field,0.625,3,1.5976468324661255,1.4894020557403564,-0.10824477672576904,False,0.16030845046043396,800
residual_field,0.625,4,1.7327109575271606,1.7164900302886963,-0.016220927238464355,False,0.1523701250553131,800
residual_field,0.625,5,1.66450834274292,2.42354154586792,0.759033203125,True,0.6643653512001038,800
residual_field,0.625,6,1.4906153678894043,1.4519826173782349,-0.038632750511169434,False,0.0816756933927536,800
residual_field,0.625,7,1.6725250482559204,1.6774111986160278,0.004886150360107422,True,0.1018785834312439,800
residual_field,0.75,0,1.4160137176513672,1.8296008110046387,0.4135870933532715,True,0.708263635635376,800
residual_field,0.75,1,0.9924449920654297,1.5375080108642578,0.5450630187988281,True,1.1044671535491943,800
residual_field,0.75,2,1.9576137065887451,3.9771695137023926,2.0195558071136475,True,1.1690624952316284,800
residual_field,0.75,3,1.8026292324066162,1.8104697465896606,0.007840514183044434,True,0.15602706372737885,800
residual_field,0.75,4,1.9966630935668945,1.9577710628509521,-0.03889203071594238,False,0.15506766736507416,800
residual_field,0.75,5,3.120500087738037,2.8966541290283203,-0.2238459587097168,False,0.5370646715164185,800
residual_field,0.75,6,2.0843276977539062,2.2097280025482178,0.12540030479431152,True,0.07075731456279755,800
residual_field,0.75,7,1.6434897184371948,1.578033208847046,-0.06545650959014893,False,0.08588377386331558,800
residual_field,0.875,0,1.518364667892456,1.7590855360031128,0.24072086811065674,True,0.48442327976226807,800
residual_field,0.875,1,2.1340203285217285,2.6464672088623047,0.5124468803405762,True,0.7510615587234497,800
residual_field,0.875,2,2.168260335922241,2.4154655933380127,0.24720525741577148,True,0.8426190614700317,800
residual_field,0.875,3,2.2784910202026367,2.171844959259033,-0.10664606094360352,False,0.10987281054258347,800
residual_field,0.875,4,4.563509464263916,4.86152458190918,0.29801511764526367,True,0.1235530823469162,800
residual_field,0.875,5,1.187839388847351,1.4836311340332031,0.29579174518585205,True,0.38617247343063354,800
residual_field,0.875,6,1.8196542263031006,1.78517484664917,-0.034479379653930664,False,0.046706583350896835,800
residual_field,0.875,7,1.3513538837432861,1.3081470727920532,-0.04320681095123291,False,0.058997996151447296,800
residual_field,1.0,0,2.260218620300293,2.426637649536133,0.16641902923583984,True,0.20495885610580444,800
residual_field,1.0,1,1.5486843585968018,1.5490214824676514,0.0003371238708496094,True,0.3346315920352936,800
residual_field,1.0,2,2.1778697967529297,2.3425145149230957,0.16464471817016602,True,0.3617391288280487,800
residual_field,1.0,3,2.469881534576416,2.4470129013061523,-0.022868633270263672,False,0.048319727182388306,800
residual_field,1.0,4,1.7255078554153442,1.7053861618041992,-0.02012169361114502,False,0.04959896206855774,800
residual_field,1.0,5,2.912310838699341,2.7867188453674316,-0.12559199333190918,False,0.16795490682125092,800
residual_field,1.0,6,3.762852907180786,3.749685287475586,-0.013167619705200195,False,0.02068651095032692,800
residual_field,1.0,7,2.3898766040802,2.394639730453491,0.004763126373291016,True,0.030138211324810982,800
residual_counterfactual,0.0,0,2.197579860687256,2.1927266120910645,-0.004853248596191406,False,0.16819438338279724,400
residual_counterfactual,0.0,1,1.2102231979370117,1.1114192008972168,-0.09880399703979492,False,0.2970444858074188,400
residual_counterfactual,0.0,2,3.6549768447875977,4.15303897857666,0.4980621337890625,True,0.35449180006980896,400
residual_counterfactual,0.0,3,2.4745590686798096,2.424602746963501,-0.049956321716308594,False,0.054561857134103775,400
residual_counterfactual,0.0,4,2.0975258350372314,2.1116814613342285,0.01415562629699707,True,0.03922504186630249,400
residual_counterfactual,0.0,5,1.1720041036605835,1.1122608184814453,-0.059743285179138184,False,0.12630371749401093,400
residual_counterfactual,0.0,6,2.297034740447998,2.2727017402648926,-0.02433300018310547,False,0.025092177093029022,400
residual_counterfactual,0.0,7,1.769927978515625,1.7787938117980957,0.008865833282470703,True,0.0420057475566864,400
residual_counterfactual,0.125,0,1.1164487600326538,1.4428205490112305,0.32637178897857666,True,0.390937864780426,400
residual_counterfactual,0.125,1,1.6364487409591675,1.292581558227539,-0.3438671827316284,False,0.7096490859985352,400
residual_counterfactual,0.125,2,2.2345728874206543,2.6028976440429688,0.36832475662231445,True,0.7781718969345093,400
residual_counterfactual,0.125,3,2.7861249446868896,2.7935872077941895,0.007462263107299805,True,0.1257740557193756,400
residual_counterfactual,0.125,4,2.536458969116211,2.5149855613708496,-0.021473407745361328,False,0.09436604380607605,400
residual_counterfactual,0.125,5,1.7025554180145264,1.9413255453109741,0.23877012729644775,True,0.2352418303489685,400
residual_counterfactual,0.125,6,2.581880569458008,2.502962112426758,-0.07891845703125,False,0.04699404910206795,400
residual_counterfactual,0.125,7,2.1438798904418945,2.1177234649658203,-0.02615642547607422,False,0.10991169512271881,400
residual_counterfactual,0.25,0,1.0934618711471558,1.0792434215545654,-0.014218449592590332,False,0.4936671257019043,400
residual_counterfactual,0.25,1,1.2042746543884277,2.5866217613220215,1.3823471069335938,True,1.0296800136566162,400
residual_counterfactual,0.25,2,1.4479234218597412,2.7889761924743652,1.341052770614624,True,1.089338779449463,400
residual_counterfactual,0.25,3,1.0782470703125,1.1139116287231445,0.03566455841064453,True,0.16302154958248138,400
residual_counterfactual,0.25,4,1.977634072303772,1.9988994598388672,0.021265387535095215,True,0.11026182025671005,400
residual_counterfactual,0.25,5,1.148894190788269,1.2668695449829102,0.11797535419464111,True,0.3078612685203552,400
residual_counterfactual,0.25,6,2.2667484283447266,2.170949935913086,-0.09579849243164062,False,0.08076824992895126,400
residual_counterfactual,0.25,7,2.047419786453247,2.180323600769043,0.1329038143157959,True,0.14451265335083008,400
residual_counterfactual,0.375,0,2.3562941551208496,3.4110755920410156,1.054781436920166,True,0.595641553401947,400
residual_counterfactual,0.375,1,1.487593173980713,3.041442394256592,1.553849220275879,True,1.2208952903747559,400
residual_counterfactual,0.375,2,0.9441813230514526,2.2759673595428467,1.331786036491394,True,1.2752822637557983,400
residual_counterfactual,0.375,3,1.7651469707489014,1.884549617767334,0.11940264701843262,True,0.19206830859184265,400
residual_counterfactual,0.375,4,1.074409008026123,1.1676325798034668,0.09322357177734375,True,0.1311328113079071,400
residual_counterfactual,0.375,5,1.6944530010223389,1.5626373291015625,-0.13181567192077637,False,0.44521963596343994,400
residual_counterfactual,0.375,6,1.3383171558380127,1.267099380493164,-0.07121777534484863,False,0.11451957374811172,400
residual_counterfactual,0.375,7,1.2723722457885742,1.4501150846481323,0.1777428388595581,True,0.16270534694194794,400
residual_counterfactual,0.5,0,2.2173595428466797,2.4470787048339844,0.2297191619873047,True,0.6611274480819702,400
residual_counterfactual,0.5,1,2.689876079559326,2.2339091300964355,-0.4559669494628906,False,1.2942436933517456,400
residual_counterfactual,0.5,2,1.102664828300476,3.3020238876342773,2.1993589401245117,True,1.3661601543426514,400
residual_counterfactual,0.5,3,2.118751287460327,1.8773369789123535,-0.24141430854797363,False,0.20370356738567352,400
residual_counterfactual,0.5,4,2.4588682651519775,2.342987060546875,-0.11588120460510254,False,0.15040791034698486,400
residual_counterfactual,0.5,5,1.9168365001678467,2.49638032913208,0.5795438289642334,True,0.3564825654029846,400
residual_counterfactual,0.5,6,1.2028374671936035,1.1904516220092773,-0.012385845184326172,False,0.11051680892705917,400
residual_counterfactual,0.5,7,1.642279863357544,1.7384166717529297,0.09613680839538574,True,0.18293148279190063,400
residual_counterfactual,0.625,0,2.442390203475952,1.641575574874878,-0.8008146286010742,False,0.5931252837181091,400
residual_counterfactual,0.625,1,1.8085784912109375,3.0136055946350098,1.2050271034240723,True,1.239227533340454,400
residual_counterfactual,0.625,2,1.3369723558425903,2.4097282886505127,1.0727559328079224,True,1.309317946434021,400
residual_counterfactual,0.625,3,1.8340868949890137,1.7001289129257202,-0.13395798206329346,False,0.196974515914917,400
residual_counterfactual,0.625,4,1.8889845609664917,1.8477253913879395,-0.041259169578552246,False,0.11910974979400635,400
residual_counterfactual,0.625,5,2.1848065853118896,2.83612322807312,0.6513166427612305,True,0.4076438248157501,400
residual_counterfactual,0.625,6,1.6863669157028198,1.5836005210876465,-0.10276639461517334,False,0.09731089323759079,400
residual_counterfactual,0.625,7,1.8966562747955322,1.9085044860839844,0.011848211288452148,True,0.14029821753501892,400
residual_counterfactual,0.75,0,1.5415267944335938,1.7708911895751953,0.22936439514160156,True,0.5623980164527893,400
residual_counterfactual,0.75,1,1.1941020488739014,1.619852066040039,0.4257500171661377,True,1.040472149848938,400
residual_counterfactual,0.75,2,1.8299767971038818,4.183724403381348,2.353747606277466,True,1.0845201015472412,400
residual_counterfactual,0.75,3,2.0771875381469727,2.0609474182128906,-0.01624011993408203,False,0.1785099059343338,400
residual_counterfactual,0.75,4,1.8707172870635986,1.8552933931350708,-0.015423893928527832,False,0.12363183498382568,400
residual_counterfactual,0.75,5,2.70145845413208,2.6066484451293945,-0.09481000900268555,False,0.4140123426914215,400
residual_counterfactual,0.75,6,2.147304058074951,2.231679677963257,0.08437561988830566,True,0.08349227160215378,400
residual_counterfactual,0.75,7,1.8631279468536377,2.0342671871185303,0.17113924026489258,True,0.12575607001781464,400
residual_counterfactual,0.875,0,1.7979629039764404,1.99605393409729,0.1980910301208496,True,0.39011016488075256,400
residual_counterfactual,0.875,1,1.7962276935577393,2.465482711791992,0.6692550182342529,True,0.7057206630706787,400
residual_counterfactual,0.875,2,1.8262522220611572,2.160717487335205,0.33446526527404785,True,0.7881422638893127,400
residual_counterfactual,0.875,3,2.6069304943084717,2.4741098880767822,-0.13282060623168945,False,0.12649299204349518,400
residual_counterfactual,0.875,4,4.9665961265563965,5.169577598571777,0.20298147201538086,True,0.09808620065450668,400
residual_counterfactual,0.875,5,1.364375114440918,1.5978511571884155,0.23347604274749756,True,0.26343855261802673,400
residual_counterfactual,0.875,6,1.7434322834014893,1.7352044582366943,-0.008227825164794922,False,0.05646504461765289,400
residual_counterfactual,0.875,7,1.550701379776001,1.5738561153411865,0.023154735565185547,True,0.09349747002124786,400
residual_counterfactual,1.0,0,2.531874179840088,2.6163034439086914,0.08442926406860352,True,0.16831953823566437,400
residual_counterfactual,1.0,1,1.7028203010559082,1.7263593673706055,0.023539066314697266,True,0.3161452114582062,400
residual_counterfactual,1.0,2,1.933058738708496,1.9623513221740723,0.029292583465576172,True,0.34029972553253174,400
residual_counterfactual,1.0,3,2.344853401184082,2.345794916152954,0.0009415149688720703,True,0.05443050339818001,400
residual_counterfactual,1.0,4,1.8983070850372314,1.8946599960327148,-0.0036470890045166016,False,0.03851580247282982,400
residual_counterfactual,1.0,5,2.565586566925049,2.535351514816284,-0.03023505210876465,False,0.11538786441087723,400
residual_counterfactual,1.0,6,3.4871039390563965,3.4767403602600098,-0.010363578796386719,False,0.024706261232495308,400
residual_counterfactual,1.0,7,2.5372605323791504,2.55765700340271,0.02039647102355957,True,0.041603945195674896,400
residual_counterfactual,0.0,0,2.185281276702881,2.320021629333496,0.13474035263061523,True,0.33001723885536194,800
residual_counterfactual,0.0,1,1.4628429412841797,1.2226378917694092,-0.2402050495147705,False,0.4026898443698883,800
residual_counterfactual,0.0,2,3.8047943115234375,4.460474014282227,0.6556797027587891,True,0.4451308846473694,800
residual_counterfactual,0.0,3,2.2756094932556152,2.1648030281066895,-0.11080646514892578,False,0.10555975139141083,800
residual_counterfactual,0.0,4,1.485975980758667,1.4856019020080566,-0.00037407875061035156,False,0.039853718131780624,800
residual_counterfactual,0.0,5,1.0216755867004395,0.876632571220398,-0.1450430154800415,False,0.3278251886367798,800
residual_counterfactual,0.0,6,2.1262001991271973,2.1180059909820557,-0.008194208145141602,False,0.019666170701384544,800
residual_counterfactual,0.0,7,2.07745361328125,2.067462682723999,-0.009990930557250977,False,0.035873863846063614,800
residual_counterfactual,0.125,0,0.9497731328010559,1.3893413543701172,0.4395682215690613,True,0.47479403018951416,800
residual_counterfactual,0.125,1,1.7462916374206543,1.159778118133545,-0.5865135192871094,False,1.0016834735870361,800
residual_counterfactual,0.125,2,2.0868639945983887,2.9188942909240723,0.8320302963256836,True,0.9889413118362427,800
residual_counterfactual,0.125,3,2.350830554962158,2.298022747039795,-0.05280780792236328,False,0.2578926682472229,800
residual_counterfactual,0.125,4,2.342344284057617,2.2215564250946045,-0.1207878589630127,False,0.12286943197250366,800
residual_counterfactual,0.125,5,1.7576972246170044,2.8972771167755127,1.1395798921585083,True,0.7895463109016418,800
residual_counterfactual,0.125,6,1.8645985126495361,1.8594520092010498,-0.005146503448486328,False,0.04211417958140373,800
residual_counterfactual,0.125,7,2.187532424926758,2.2799978256225586,0.09246540069580078,True,0.053372468799352646,800
residual_counterfactual,0.25,0,0.8972387909889221,0.7987744808197021,-0.09846431016921997,False,0.5612515211105347,800
residual_counterfactual,0.25,1,1.0211701393127441,2.9920578002929688,1.9708876609802246,True,1.4149225950241089,800
residual_counterfactual,0.25,2,1.3473293781280518,2.8736300468444824,1.5263006687164307,True,1.4470362663269043,800
residual_counterfactual,0.25,3,0.8977669477462769,0.902481734752655,0.004714787006378174,True,0.31441983580589294,800
residual_counterfactual,0.25,4,1.6499468088150024,1.611182451248169,-0.038764357566833496,False,0.1281670480966568,800
residual_counterfactual,0.25,5,0.803156852722168,1.8288952112197876,1.0257383584976196,True,0.9998007416725159,800
residual_counterfactual,0.25,6,1.895074725151062,1.8666141033172607,-0.02846062183380127,False,0.05954275280237198,800
residual_counterfactual,0.25,7,1.8834972381591797,1.928995132446289,0.045497894287109375,True,0.07205384224653244,800
residual_counterfactual,0.375,0,1.9404077529907227,3.0631728172302246,1.122765064239502,True,0.8639054298400879,800
residual_counterfactual,0.375,1,1.456472635269165,4.013654708862305,2.5571820735931396,True,1.7015165090560913,800
residual_counterfactual,0.375,2,1.0461091995239258,2.891862154006958,1.8457529544830322,True,1.6133140325546265,800
residual_counterfactual,0.375,3,1.1936190128326416,1.3077925443649292,0.1141735315322876,True,0.3523770272731781,800
residual_counterfactual,0.375,4,1.1129872798919678,1.1945966482162476,0.08160936832427979,True,0.1575194150209427,800
residual_counterfactual,0.375,5,1.6860824823379517,2.606423854827881,0.9203413724899292,True,1.274308681488037,800
residual_counterfactual,0.375,6,1.0169825553894043,0.945521354675293,-0.07146120071411133,False,0.09508418291807175,800
residual_counterfactual,0.375,7,1.010805368423462,1.036637306213379,0.025831937789916992,True,0.07197267562150955,800
residual_counterfactual,0.5,0,1.9305355548858643,2.0800716876983643,0.1495361328125,True,0.8493107557296753,800
residual_counterfactual,0.5,1,2.903441905975342,2.775225877761841,-0.12821602821350098,False,1.722800374031067,800
residual_counterfactual,0.5,2,0.8386106491088867,3.6626408100128174,2.8240301609039307,True,1.651432752609253,800
residual_counterfactual,0.5,3,2.351285219192505,1.8859083652496338,-0.4653768539428711,False,0.4241197407245636,800
residual_counterfactual,0.5,4,2.3707807064056396,2.183924674987793,-0.18685603141784668,False,0.18953831493854523,800
residual_counterfactual,0.5,5,1.6680623292922974,4.565958023071289,2.8978958129882812,True,1.3172024488449097,800
residual_counterfactual,0.5,6,1.2091220617294312,1.2051184177398682,-0.004003643989562988,False,0.08084003627300262,800
residual_counterfactual,0.5,7,1.3979096412658691,1.4773895740509033,0.07947993278503418,True,0.11826314777135849,800
residual_counterfactual,0.625,0,2.3694417476654053,1.6165623664855957,-0.7528793811798096,False,0.8471961617469788,800
residual_counterfactual,0.625,1,1.6085894107818604,3.569336175918579,1.9607467651367188,True,1.6543842554092407,800
residual_counterfactual,0.625,2,1.1553590297698975,2.9801888465881348,1.8248298168182373,True,1.615911602973938,800
residual_counterfactual,0.625,3,1.6522164344787598,1.4614522457122803,-0.1907641887664795,False,0.358592689037323,800
residual_counterfactual,0.625,4,1.8846397399902344,1.8740636110305786,-0.010576128959655762,False,0.14547419548034668,800
residual_counterfactual,0.625,5,1.6251227855682373,3.698533296585083,2.0734105110168457,True,1.2480305433273315,800
residual_counterfactual,0.625,6,1.5067458152770996,1.4799250364303589,-0.026820778846740723,False,0.07771952450275421,800
residual_counterfactual,0.625,7,1.6736786365509033,1.6875393390655518,0.013860702514648438,True,0.0745108351111412,800
residual_counterfactual,0.75,0,1.4014954566955566,1.9337878227233887,0.532292366027832,True,0.8467140197753906,800
residual_counterfactual,0.75,1,1.0458136796951294,1.8239359855651855,0.7781223058700562,True,1.389951229095459,800
residual_counterfactual,0.75,2,1.8124029636383057,4.545227527618408,2.7328245639801025,True,1.3652536869049072,800
residual_counterfactual,0.75,3,1.8290737867355347,1.9154067039489746,0.08633291721343994,True,0.3257724344730377,800
residual_counterfactual,0.75,4,2.0747156143188477,2.0355660915374756,-0.03914952278137207,False,0.15291698276996613,800
residual_counterfactual,0.75,5,3.1525044441223145,3.2640814781188965,0.11157703399658203,True,1.0169368982315063,800
residual_counterfactual,0.75,6,2.062032461166382,2.1829793453216553,0.12094688415527344,True,0.06792482733726501,800
residual_counterfactual,0.75,7,1.5352442264556885,1.5186612606048584,-0.016582965850830078,False,0.06391223520040512,800
residual_counterfactual,0.875,0,1.514981985092163,1.806101679801941,0.29111969470977783,True,0.5878077745437622,800
residual_counterfactual,0.875,1,2.130103588104248,2.749248504638672,0.6191449165344238,True,0.9567848443984985,800
residual_counterfactual,0.875,2,2.072279691696167,2.6018924713134766,0.5296127796173096,True,0.959114670753479,800
residual_counterfactual,0.875,3,2.2744410037994385,2.072211265563965,-0.20222973823547363,False,0.21626777946949005,800
residual_counterfactual,0.875,4,4.533333778381348,4.74960470199585,0.21627092361450195,True,0.11935260146856308,800
residual_counterfactual,0.875,5,1.2050608396530151,2.095632553100586,0.8905717134475708,True,0.7422711849212646,800
residual_counterfactual,0.875,6,1.808321237564087,1.7702393531799316,-0.03808188438415527,False,0.04316933453083038,800
residual_counterfactual,0.875,7,1.3719897270202637,1.3375673294067383,-0.03442239761352539,False,0.04378529265522957,800
residual_counterfactual,1.0,0,2.205838680267334,2.3909912109375,0.18515253067016602,True,0.24796493351459503,800
residual_counterfactual,1.0,1,1.5683317184448242,1.6083109378814697,0.03997921943664551,True,0.4217865765094757,800
residual_counterfactual,1.0,2,2.1824653148651123,2.4180045127868652,0.23553919792175293,True,0.4143883287906647,800
residual_counterfactual,1.0,3,2.4115724563598633,2.344374656677246,-0.06719779968261719,False,0.09552669525146484,800
residual_counterfactual,1.0,4,1.726355791091919,1.7215633392333984,-0.004792451858520508,False,0.04673093184828758,800
residual_counterfactual,1.0,5,2.8723959922790527,2.7240376472473145,-0.14835834503173828,False,0.3225831389427185,800
residual_counterfactual,1.0,6,3.7289886474609375,3.7123911380767822,-0.016597509384155273,False,0.019252166152000427,800
residual_counterfactual,1.0,7,2.3633651733398438,2.367988109588623,0.004622936248779297,True,0.022966569289565086,800
residual_counterfactual_dropout,0.0,0,2.277008056640625,2.388664960861206,0.11165690422058105,True,0.24852696061134338,400
residual_counterfactual_dropout,0.0,1,1.2786800861358643,1.1784511804580688,-0.10022890567779541,False,0.3174705505371094,400
residual_counterfactual_dropout,0.0,2,3.4839186668395996,3.915738582611084,0.4318199157714844,True,0.3509478271007538,400
residual_counterfactual_dropout,0.0,3,2.430630922317505,2.311898708343506,-0.11873221397399902,False,0.07815480977296829,400
residual_counterfactual_dropout,0.0,4,1.9676026105880737,1.996659755706787,0.02905714511871338,True,0.061836108565330505,400
residual_counterfactual_dropout,0.0,5,1.120068073272705,1.0518685579299927,-0.0681995153427124,False,0.11480821669101715,400
residual_counterfactual_dropout,0.0,6,2.0321078300476074,1.9837068319320679,-0.04840099811553955,False,0.04664713889360428,400
residual_counterfactual_dropout,0.0,7,1.8736486434936523,1.915066123008728,0.041417479515075684,True,0.0693034678697586,400
residual_counterfactual_dropout,0.125,0,0.9771454930305481,1.5542961359024048,0.5771506428718567,True,0.5463189482688904,400
residual_counterfactual_dropout,0.125,1,1.6132581233978271,1.1773488521575928,-0.4359092712402344,False,0.7751383185386658,400
residual_counterfactual_dropout,0.125,2,2.1709041595458984,2.6659836769104004,0.49507951736450195,True,0.8050888180732727,400
residual_counterfactual_dropout,0.125,3,2.9456899166107178,2.840787887573242,-0.10490202903747559,False,0.17890790104866028,400
residual_counterfactual_dropout,0.125,4,2.199354887008667,2.1498165130615234,-0.049538373947143555,False,0.14182870090007782,400
residual_counterfactual_dropout,0.125,5,2.014477014541626,2.362855911254883,0.34837889671325684,True,0.3044513761997223,400
residual_counterfactual_dropout,0.125,6,2.3273563385009766,2.1542305946350098,-0.1731257438659668,False,0.0869845524430275,400
residual_counterfactual_dropout,0.125,7,2.3113129138946533,2.2182579040527344,-0.09305500984191895,False,0.18378254771232605,400
residual_counterfactual_dropout,0.25,0,1.086863398551941,1.183927297592163,0.09706389904022217,True,0.651649534702301,400
residual_counterfactual_dropout,0.25,1,1.120903491973877,2.5263936519622803,1.4054901599884033,True,1.0455663204193115,400
residual_counterfactual_dropout,0.25,2,1.3244898319244385,2.7369563579559326,1.4124665260314941,True,1.120438575744629,400
residual_counterfactual_dropout,0.25,3,1.126725435256958,1.0827534198760986,-0.043972015380859375,False,0.2090579867362976,400
residual_counterfactual_dropout,0.25,4,2.0738461017608643,2.0075924396514893,-0.066253662109375,False,0.17050579190254211,400
residual_counterfactual_dropout,0.25,5,1.178715705871582,1.629584550857544,0.4508688449859619,True,0.3853714168071747,400
residual_counterfactual_dropout,0.25,6,2.221193313598633,2.0631532669067383,-0.15804004669189453,False,0.13018055260181427,400
residual_counterfactual_dropout,0.25,7,2.115225315093994,2.297966957092285,0.18274164199829102,True,0.24439726769924164,400
residual_counterfactual_dropout,0.375,0,2.1178972721099854,3.8147876262664795,1.6968903541564941,True,0.8729061484336853,400
residual_counterfactual_dropout,0.375,1,1.5461993217468262,2.756343126296997,1.210143804550171,True,1.2421046495437622,400
residual_counterfactual_dropout,0.375,2,0.9206414222717285,2.336400032043457,1.4157586097717285,True,1.327834963798523,400
residual_counterfactual_dropout,0.375,3,1.8036717176437378,1.8026905059814453,-0.0009812116622924805,False,0.26938244700431824,400
residual_counterfactual_dropout,0.375,4,1.020261287689209,1.094299077987671,0.07403779029846191,True,0.20267364382743835,400
residual_counterfactual_dropout,0.375,5,1.7511184215545654,1.8653614521026611,0.1142430305480957,True,0.4216746687889099,400
residual_counterfactual_dropout,0.375,6,1.3111292123794556,1.2470088005065918,-0.06412041187286377,False,0.16926738619804382,400
residual_counterfactual_dropout,0.375,7,1.0519721508026123,1.2855207920074463,0.23354864120483398,True,0.2862904965877533,400
residual_counterfactual_dropout,0.5,0,2.2050411701202393,2.802824020385742,0.5977828502655029,True,0.8399625420570374,400
residual_counterfactual_dropout,0.5,1,2.5928611755371094,2.5524344444274902,-0.04042673110961914,False,1.2957180738449097,400
residual_counterfactual_dropout,0.5,2,1.0020413398742676,3.347930908203125,2.3458895683288574,True,1.4267922639846802,400
residual_counterfactual_dropout,0.5,3,2.4090588092803955,1.945591688156128,-0.4634671211242676,False,0.2763814926147461,400
residual_counterfactual_dropout,0.5,4,2.441129446029663,2.174938678741455,-0.266190767288208,False,0.2347337156534195,400
residual_counterfactual_dropout,0.5,5,2.080688953399658,2.9505083560943604,0.8698194026947021,True,0.4677242338657379,400
residual_counterfactual_dropout,0.5,6,1.3000952005386353,1.291034460067749,-0.00906074047088623,False,0.16427122056484222,400
residual_counterfactual_dropout,0.5,7,1.4789588451385498,1.6178159713745117,0.13885712623596191,True,0.30145788192749023,400
residual_counterfactual_dropout,0.625,0,2.3201682567596436,1.4966062307357788,-0.8235620260238647,False,0.8272924423217773,400
residual_counterfactual_dropout,0.625,1,1.7207326889038086,2.8155527114868164,1.0948200225830078,True,1.2316484451293945,400
residual_counterfactual_dropout,0.625,2,1.3253306150436401,2.5651540756225586,1.2398234605789185,True,1.3507137298583984,400
residual_counterfactual_dropout,0.625,3,1.8335134983062744,1.5702582597732544,-0.26325523853302,False,0.28251540660858154,400
residual_counterfactual_dropout,0.625,4,2.049611806869507,1.9022259712219238,-0.147385835647583,False,0.1848708540201187,400
residual_counterfactual_dropout,0.625,5,2.026245594024658,2.6531052589416504,0.6268596649169922,True,0.4375070035457611,400
residual_counterfactual_dropout,0.625,6,1.6375548839569092,1.4634217023849487,-0.17413318157196045,False,0.1558045744895935,400
residual_counterfactual_dropout,0.625,7,1.9913716316223145,1.8500150442123413,-0.14135658740997314,False,0.26945409178733826,400
residual_counterfactual_dropout,0.75,0,1.5332331657409668,1.937392234802246,0.4041590690612793,True,0.7563921213150024,400
residual_counterfactual_dropout,0.75,1,1.1425261497497559,1.5327258110046387,0.3901996612548828,True,1.0595921277999878,400
residual_counterfactual_dropout,0.75,2,1.84537935256958,3.996690273284912,2.151310920715332,True,1.1172621250152588,400
residual_counterfactual_dropout,0.75,3,2.004819393157959,1.8928967714309692,-0.11192262172698975,False,0.24728325009346008,400
residual_counterfactual_dropout,0.75,4,1.997463345527649,1.901871919631958,-0.09559142589569092,False,0.17820164561271667,400
residual_counterfactual_dropout,0.75,5,2.791116714477539,2.643131971359253,-0.14798474311828613,False,0.35624077916145325,400
residual_counterfactual_dropout,0.75,6,2.1182477474212646,2.146803617477417,0.028555870056152344,True,0.1261170208454132,400
residual_counterfactual_dropout,0.75,7,1.7266666889190674,1.9797617197036743,0.25309503078460693,True,0.23059338331222534,400
residual_counterfactual_dropout,0.875,0,1.7427012920379639,2.024808883666992,0.2821075916290283,True,0.5218434929847717,400
residual_counterfactual_dropout,0.875,1,1.8924323320388794,2.6390230655670166,0.7465907335281372,True,0.7165561318397522,400
residual_counterfactual_dropout,0.875,2,1.945913314819336,2.05570125579834,0.1097879409790039,True,0.8121453523635864,400
residual_counterfactual_dropout,0.875,3,2.612074851989746,2.4206349849700928,-0.19143986701965332,False,0.17081210017204285,400
residual_counterfactual_dropout,0.875,4,4.652902603149414,4.943777084350586,0.2908744812011719,True,0.14293688535690308,400
residual_counterfactual_dropout,0.875,5,1.3183839321136475,1.5451737642288208,0.22678983211517334,True,0.2569834589958191,400
residual_counterfactual_dropout,0.875,6,1.8499689102172852,1.8661173582077026,0.01614844799041748,True,0.08661739528179169,400
residual_counterfactual_dropout,0.875,7,1.4708127975463867,1.487792730331421,0.01697993278503418,True,0.16515229642391205,400
residual_counterfactual_dropout,1.0,0,2.469858407974243,2.609175682067871,0.13931727409362793,True,0.224984273314476,400
residual_counterfactual_dropout,1.0,1,1.7139328718185425,1.669283390045166,-0.044649481773376465,False,0.3203586935997009,400
residual_counterfactual_dropout,1.0,2,2.1268463134765625,2.184548854827881,0.05770254135131836,True,0.34645551443099976,400
residual_counterfactual_dropout,1.0,3,2.30812931060791,2.318326950073242,0.010197639465332031,True,0.07418336719274521,400
residual_counterfactual_dropout,1.0,4,1.9436107873916626,1.9428389072418213,-0.0007718801498413086,False,0.05657261982560158,400
residual_counterfactual_dropout,1.0,5,2.6560606956481934,2.565028667449951,-0.09103202819824219,False,0.11410077661275864,400
residual_counterfactual_dropout,1.0,6,3.306457996368408,3.297006607055664,-0.00945138931274414,False,0.037332452833652496,400
residual_counterfactual_dropout,1.0,7,2.4593148231506348,2.4856505393981934,0.026335716247558594,True,0.07027754932641983,400
residual_counterfactual_dropout,0.0,0,2.1840176582336426,2.2270407676696777,0.043023109436035156,True,0.22716957330703735,800
residual_counterfactual_dropout,0.0,1,1.3013606071472168,1.254622459411621,-0.0467381477355957,False,0.28821954131126404,800
residual_counterfactual_dropout,0.0,2,3.581324577331543,3.9446494579315186,0.3633248805999756,True,0.3095080852508545,800
residual_counterfactual_dropout,0.0,3,2.1977620124816895,2.225328207015991,0.027566194534301758,True,0.022948551923036575,800
residual_counterfactual_dropout,0.0,4,1.6121745109558105,1.6129729747772217,0.0007984638214111328,True,0.02829025872051716,800
residual_counterfactual_dropout,0.0,5,1.2359273433685303,1.040748119354248,-0.19517922401428223,False,0.2412293404340744,800
residual_counterfactual_dropout,0.0,6,1.9950048923492432,1.982161283493042,-0.012843608856201172,False,0.014895660802721977,800
residual_counterfactual_dropout,0.0,7,1.8468782901763916,1.861085295677185,0.014207005500793457,True,0.028061093762516975,800
residual_counterfactual_dropout,0.125,0,0.9615458250045776,1.2325910329818726,0.2710452079772949,True,0.44573521614074707,800
residual_counterfactual_dropout,0.125,1,1.5150004625320435,1.237685203552246,-0.27731525897979736,False,0.6510485410690308,800
residual_counterfactual_dropout,0.125,2,2.37432861328125,2.5977728366851807,0.22344422340393066,True,0.7462727427482605,800
residual_counterfactual_dropout,0.125,3,2.3514370918273926,2.370372772216797,0.018935680389404297,True,0.05585720017552376,800
residual_counterfactual_dropout,0.125,4,2.3680307865142822,2.2886762619018555,-0.07935452461242676,False,0.07835152745246887,800
residual_counterfactual_dropout,0.125,5,2.238862991333008,3.1230030059814453,0.8841400146484375,True,0.4647860527038574,800
residual_counterfactual_dropout,0.125,6,2.0018012523651123,1.970627784729004,-0.0311734676361084,False,0.022656572982668877,800
residual_counterfactual_dropout,0.125,7,2.199967622756958,2.3054747581481934,0.10550713539123535,True,0.06636113673448563,800
residual_counterfactual_dropout,0.25,0,0.8870142698287964,0.7548021674156189,-0.1322121024131775,False,0.5019256472587585,800
residual_counterfactual_dropout,0.25,1,1.049506664276123,2.381056308746338,1.3315496444702148,True,0.9196059107780457,800
residual_counterfactual_dropout,0.25,2,1.2287836074829102,2.0806610584259033,0.8518774509429932,True,1.0067893266677856,800
residual_counterfactual_dropout,0.25,3,0.840395987033844,0.8367886543273926,-0.003607332706451416,False,0.053521331399679184,800
residual_counterfactual_dropout,0.25,4,1.6127729415893555,1.6001187562942505,-0.01265418529510498,False,0.06158098205924034,800
residual_counterfactual_dropout,0.25,5,0.957014799118042,1.140834093093872,0.18381929397583008,True,0.6928434371948242,800
residual_counterfactual_dropout,0.25,6,1.8334503173828125,1.8073755502700806,-0.026074767112731934,False,0.039823081344366074,800
residual_counterfactual_dropout,0.25,7,2.0759596824645996,2.1141321659088135,0.03817248344421387,True,0.06899306923151016,800
residual_counterfactual_dropout,0.375,0,1.899122714996338,2.9355268478393555,1.0364041328430176,True,0.7247874140739441,800
residual_counterfactual_dropout,0.375,1,1.47871732711792,3.139965057373047,1.661247730255127,True,1.1159216165542603,800
residual_counterfactual_dropout,0.375,2,0.995511531829834,1.9275860786437988,0.9320745468139648,True,1.2212762832641602,800
residual_counterfactual_dropout,0.375,3,1.484248399734497,1.519421100616455,0.03517270088195801,True,0.06976953893899918,800
residual_counterfactual_dropout,0.375,4,1.2842127084732056,1.3050951957702637,0.020882487297058105,True,0.09540603309869766,800
residual_counterfactual_dropout,0.375,5,1.8268463611602783,2.1889564990997314,0.3621101379394531,True,0.8279545307159424,800
residual_counterfactual_dropout,0.375,6,1.2247142791748047,1.1976380348205566,-0.027076244354248047,False,0.06704927980899811,800
residual_counterfactual_dropout,0.375,7,1.4007949829101562,1.3975229263305664,-0.0032720565795898438,False,0.08690227568149567,800
residual_counterfactual_dropout,0.5,0,1.9688692092895508,2.0170092582702637,0.04814004898071289,True,0.7815374732017517,800
residual_counterfactual_dropout,0.5,1,2.324738025665283,2.219533920288086,-0.10520410537719727,False,1.1834267377853394,800
residual_counterfactual_dropout,0.5,2,0.9518646597862244,2.7460274696350098,1.7941627502441406,True,1.2579997777938843,800
residual_counterfactual_dropout,0.5,3,1.9460241794586182,1.9172548055648804,-0.028769373893737793,False,0.07438226044178009,800
residual_counterfactual_dropout,0.5,4,2.0927834510803223,2.0051016807556152,-0.08768177032470703,False,0.11409859359264374,800
residual_counterfactual_dropout,0.5,5,2.0563199520111084,3.6447675228118896,1.5884475708007812,True,0.7669193744659424,800
residual_counterfactual_dropout,0.5,6,1.2482471466064453,1.2822619676589966,0.03401482105255127,True,0.055533118546009064,800
residual_counterfactual_dropout,0.5,7,1.3529835939407349,1.4301774501800537,0.07719385623931885,True,0.09420037269592285,800
residual_counterfactual_dropout,0.625,0,2.3475234508514404,1.4826436042785645,-0.864879846572876,False,0.7072579264640808,800
residual_counterfactual_dropout,0.625,1,1.5133509635925293,2.8721420764923096,1.3587911128997803,True,1.1029163599014282,800
residual_counterfactual_dropout,0.625,2,1.310656189918518,2.3571414947509766,1.0464853048324585,True,1.2435259819030762,800
residual_counterfactual_dropout,0.625,3,1.386831283569336,1.361311912536621,-0.025519371032714844,False,0.0702245682477951,800
residual_counterfactual_dropout,0.625,4,1.5507618188858032,1.5784757137298584,0.027713894844055176,True,0.07125792652368546,800
residual_counterfactual_dropout,0.625,5,1.9382109642028809,3.1071019172668457,1.1688909530639648,True,0.7671482563018799,800
residual_counterfactual_dropout,0.625,6,1.39601731300354,1.3608146905899048,-0.035202622413635254,False,0.0518469512462616,800
residual_counterfactual_dropout,0.625,7,1.5740801095962524,1.5179282426834106,-0.0561518669128418,False,0.07992743700742722,800
residual_counterfactual_dropout,0.75,0,1.2276997566223145,1.3313887119293213,0.10368895530700684,True,0.6610934734344482,800
residual_counterfactual_dropout,0.75,1,0.9109580516815186,1.369089126586914,0.4581310749053955,True,0.9541753530502319,800
residual_counterfactual_dropout,0.75,2,1.526850700378418,3.459233045578003,1.932382345199585,True,1.0464025735855103,800
residual_counterfactual_dropout,0.75,3,1.7697675228118896,1.7223951816558838,-0.04737234115600586,False,0.061138950288295746,800
residual_counterfactual_dropout,0.75,4,2.1480884552001953,2.147622585296631,-0.0004658699035644531,False,0.08586471527814865,800
residual_counterfactual_dropout,0.75,5,3.2089130878448486,3.2724575996398926,0.06354451179504395,True,0.6785452365875244,800
residual_counterfactual_dropout,0.75,6,1.9480268955230713,2.008300304412842,0.06027340888977051,True,0.04140353575348854,800
residual_counterfactual_dropout,0.75,7,1.8708043098449707,1.8513588905334473,-0.019445419311523438,False,0.06462179124355316,800
residual_counterfactual_dropout,0.875,0,1.4060051441192627,1.5372247695922852,0.13121962547302246,True,0.45593878626823425,800
residual_counterfactual_dropout,0.875,1,1.842887282371521,2.6303906440734863,0.7875033617019653,True,0.6725837588310242,800
residual_counterfactual_dropout,0.875,2,1.7636953592300415,1.838736653327942,0.07504129409790039,True,0.7543942928314209,800
residual_counterfactual_dropout,0.875,3,1.9429426193237305,1.9677990674972534,0.02485644817352295,True,0.04228149726986885,800
residual_counterfactual_dropout,0.875,4,4.664212703704834,4.766666889190674,0.10245418548583984,True,0.07254291325807571,800
residual_counterfactual_dropout,0.875,5,1.4090853929519653,1.919564962387085,0.5104795694351196,True,0.448087215423584,800
residual_counterfactual_dropout,0.875,6,1.9746829271316528,1.9754838943481445,0.0008009672164916992,True,0.028314702212810516,800
residual_counterfactual_dropout,0.875,7,1.64206063747406,1.597376823425293,-0.04468381404876709,False,0.04850641265511513,800
residual_counterfactual_dropout,1.0,0,2.07443904876709,2.151989221572876,0.07755017280578613,True,0.19786088168621063,800
residual_counterfactual_dropout,1.0,1,1.6982945203781128,1.6916218996047974,-0.00667262077331543,False,0.295689195394516,800
residual_counterfactual_dropout,1.0,2,2.3090574741363525,2.302412748336792,-0.006644725799560547,False,0.32518470287323,800
residual_counterfactual_dropout,1.0,3,2.345439910888672,2.3560945987701416,0.010654687881469727,True,0.01866311952471733,800
residual_counterfactual_dropout,1.0,4,1.7309134006500244,1.728884220123291,-0.0020291805267333984,False,0.026904646307229996,800
residual_counterfactual_dropout,1.0,5,2.962618350982666,3.014552593231201,0.051934242248535156,True,0.20277827978134155,800
residual_counterfactual_dropout,1.0,6,3.8401038646698,3.8444929122924805,0.004389047622680664,True,0.012379588559269905,800
residual_counterfactual_dropout,1.0,7,2.280785083770752,2.285274028778076,0.004488945007324219,True,0.02198972925543785,800
